element,web_name,team,pos,price,xp_total,gws,xp_per_gw,value
426,B.Fernandes,MUN,MID,12.0,55.392118899530026,6,9.232019816588338,4.616009908294169
411,Haaland,MCI,FWD,15.5,49.729680493247386,6,8.288280082207898,3.208366483435315
165,João Pedro,CHE,FWD,7.7,36.938122654918566,6,6.156353775819761,4.7971587863530605
40,Rogers,CHE,MID,7.6,36.22166109859458,6,6.03694351643243,4.766008039288761
12,Saka,ARS,MID,9.5,34.711241931421995,6,5.785206988570333,3.6538149401496836
427,Mbeumo,MUN,MID,7.9,34.08274770394253,6,5.680457950657089,4.314271861258548
368,Szoboszlai,LIV,MID,7.0,32.86019095208519,6,5.476698492014198,4.694312993155028
68,Tavernier,BOU,MID,6.0,32.37043406399832,6,5.395072343999719,5.395072343999719
4,Gabriel,ARS,DEF,8.0,31.648393743274312,6,5.274732290545718,3.956049217909289
480,Gibbs-White,NFO,MID,7.9,31.42651715771874,6,5.23775285961979,3.978040146546676
388,Guéhi,MCI,DEF,6.0,31.17751382311693,6,5.196252303852821,5.196252303852821
106,Thiago,BRE,FWD,7.9,30.17784700805539,6,5.029641168009232,3.819980633931062
397,Semenyo,MCI,MID,8.4,29.6359474156625,6,4.939324569277083,3.5280889780550595
154,Palmer,CHE,MID,9.6,28.951381383084765,6,4.825230230514127,3.01576889407133
236,Dewsbury-Hall,EVE,MID,6.5,28.420845105431475,6,4.736807517571912,4.37243770852792
8,Calafiori,ARS,DEF,5.7,26.79631370719779,6,4.466052284532965,4.701107667929437
1,Raya,ARS,GK,6.0,26.673117409382982,6,4.445519568230497,4.445519568230497
229,Tarkowski,EVE,DEF,6.0,26.05627167327497,6,4.342711945545829,4.342711945545829
335,Stach,LEE,MID,6.0,25.99559229158205,6,4.332598715263675,4.332598715263675
237,Ndiaye,MCI,MID,5.9,25.98177986716317,6,4.330296644527195,4.403691502909012
173,Thomas,COV,DEF,4.0,25.66392880608219,6,4.277321467680365,6.415982201520547
69,Scott,BOU,MID,6.0,25.46565704913518,6,4.244276174855863,4.244276174855863
449,Hall,NEW,DEF,5.1,25.256070893156593,6,4.209345148859432,4.952170763364038
15,Ødegaard,ARS,MID,6.6,25.23618117860746,6,4.206030196434576,3.823663814940524
399,Cherki,MCI,MID,7.8,24.72026048023252,6,4.120043413372087,3.169264164132374
542,E.Le Fée,SUN,MID,5.9,24.664340491213853,6,4.110723415202309,4.180396693426077
13,Rice,ARS,MID,7.4,24.397943865474332,6,4.066323977579056,3.297019441280315
469,N.Williams,NFO,DEF,5.0,24.347900146068763,6,4.057983357678127,4.869580029213752
124,Groß,BHA,MID,5.6,24.196510767745345,6,4.032751794624224,4.320805494240241
94,Schade,BRE,MID,6.0,24.147718357428502,6,4.024619726238083,4.024619726238083
204,Mitchell,CRY,DEF,4.5,23.81056739560249,6,3.968427899267082,5.291237199022776
586,Mendy,HUL,DEF,4.0,23.75136118726537,6,3.9585601978775617,5.937840296816343
86,Lewis-Potter,BRE,MID,5.5,23.667032912751445,6,3.944505485458574,4.3030968932275355
428,Cunha,MUN,MID,7.9,23.448595365651627,6,3.9080992276086044,2.968176628563497
67,Rayan,BOU,MID,6.4,23.441073910829566,6,3.9068456518049275,3.6626677985671194
544,Xhaka,SUN,MID,5.5,23.278938672114805,6,3.879823112019134,4.232534304020874
398,Foden,MCI,MID,7.0,22.900356726514264,6,3.816726121085711,3.2714795323591805
565,M.Sangaré,BRE,MID,5.7,22.826139307535865,6,3.8043565512559776,4.0045858434273445
492,Awoniyi,COV,FWD,5.5,22.654971075656313,6,3.7758285126093853,4.11908565011933
591,Enciso,IPS,MID,5.5,22.602294328630478,6,3.7670490547717463,4.109508059750996
481,Anderson,MCI,MID,6.3,22.501708191137773,6,3.7502846985229623,3.5716997128790116
88,Kayode,BRE,DEF,4.6,22.492763697907613,6,3.7487939496512688,4.8897312386755685
569,Gonzalo,FUL,FWD,6.0,22.48419871306868,6,3.747366452178113,3.747366452178113
115,De Cuyper,BHA,DEF,4.8,22.255426805974334,6,3.7092378009957225,4.636547251244653
330,Bogle,LEE,DEF,4.5,22.22165298548584,6,3.7036088309143067,4.938145107885742
346,Calvert-Lewin,LEE,FWD,6.0,22.21583734565136,6,3.70263955760856,3.70263955760856
224,Nketiah,CRY,FWD,5.5,22.1512027138679,6,3.6918671189779833,4.027491402521436
472,Murillo,NFO,DEF,5.5,22.12473823981945,6,3.6874563733032417,4.0226796799671725
200,Lacroix,CHE,DEF,6.0,21.984024626031918,6,3.664004104338653,3.664004104338653
572,Tzolakis,HUL,GK,4.6,21.8909263050589,6,3.6484877175098167,4.758897022838892
226,Pickford,EVE,GK,5.5,21.73203393417413,6,3.622005655695688,3.951278897122569
249,Barry,EVE,FWD,5.6,21.49948517709981,6,3.583247529516635,3.8391937816249664
390,Rúben,MCI,DEF,5.5,21.494971222240785,6,3.5824952037067974,3.908176585861961
277,Egan,HUL,DEF,4.1,21.47185626131357,6,3.578642710218928,5.237038112515505
43,Tielemans,MUN,MID,5.9,21.410043352079995,6,3.568340558679999,3.6288209071322024
10,White,ARS,DEF,5.5,21.1252662103459,6,3.5208777017243165,3.8409574927901633
356,Virgil,LIV,DEF,6.5,21.077127202510557,6,3.5128545337517596,3.2426349542323933
279,Ajayi,HUL,DEF,4.1,21.034778514251926,6,3.5057964190419875,5.130433783963885
471,Milenković,NFO,DEF,5.5,21.033516542314885,6,3.505586090385814,3.8242757349663425
112,Van Hecke,TOT,DEF,4.9,20.935391650938065,6,3.489231941823011,4.272528908354707
379,Isak,LIV,FWD,9.1,20.90147222323575,6,3.483578703872625,2.296865079476456
384,Donnarumma,MCI,GK,5.5,20.643313323210478,6,3.44055222053508,3.7533296951291777
391,Gvardiol,MCI,DEF,5.6,20.632668909940783,6,3.438778151656797,3.684405162489426
445,Thiaw,NEW,DEF,5.0,20.540128439346855,6,3.4233547398911424,4.108025687869371
176,Dasilva,COV,DEF,4.0,20.453402562436285,6,3.408900427072714,5.113350640609071
198,Henderson,CRY,GK,5.0,20.37318393686269,6,3.395530656143782,4.074636787372539
41,Buendía,AVL,MID,5.9,20.33586557084744,6,3.3893109284745733,3.44675687641482
175,van Ewijk,COV,DEF,4.0,20.324764807938365,6,3.3874608013230607,5.081191201984591
305,Davis,IPS,DEF,4.0,20.31127837936918,6,3.3852130632281967,5.077819594842295
332,Justin,LEE,DEF,4.5,20.29726191237266,6,3.3828769853954435,4.510502647193925
304,O'Shea,IPS,DEF,4.0,20.15908833157273,6,3.3598480552621215,5.039772082893182
366,Wirtz,LIV,MID,7.4,20.12909795920536,6,3.35484965986756,2.720148372865589
210,Wharton,CRY,MID,5.5,20.125322155020662,6,3.3542203591701103,3.6591494827310296
533,Mukiele,SUN,DEF,5.5,20.072515128086238,6,3.345419188014373,3.649548205106589
261,Iwobi,FUL,MID,5.5,20.054216386728022,6,3.3423693977880036,3.6462211612232767
316,Emersonn,IPS,FWD,5.5,20.02178537159974,6,3.336964228599957,3.6403246130181346
259,Diop,IPS,DEF,4.0,19.897788560811453,6,3.3162980934685753,4.974447140202863
82,Kelleher,BRE,GK,5.0,19.8366595173873,6,3.30610991956455,3.96733190347746
532,Ballard,SUN,DEF,4.9,19.81785523601324,6,3.3029758726688736,4.0444602522476
45,McGinn,AVL,MID,5.4,19.800727915664982,6,3.300121319277497,3.6668014658638852
334,Muharemović,LEE,DEF,5.0,19.775003711640874,6,3.295833951940146,3.955000742328175
156,Neto,CHE,MID,6.5,19.76077158333712,6,3.293461930556187,3.040118705128788
570,Palacios,FUL,MID,5.5,19.548620111386807,6,3.2581033518978013,3.554294565706692
367,Gakpo,LIV,MID,7.2,19.406837199594754,6,3.2344728665991256,2.6953940554992712
588,Khalaili,CRY,DEF,5.0,19.26873658718129,6,3.2114560978635485,3.853747317436258
286,Belloumi,HUL,MID,5.0,19.243434021150943,6,3.207239003525157,3.8486868042301885
182,Amenda,COV,DEF,4.0,19.183376684865323,6,3.1972294474775538,4.795844171216331
282,Giles,HUL,DEF,4.0,19.157473772155555,6,3.192912295359259,4.789368443038889
98,Janelt,BRE,MID,5.0,19.14112593384934,6,3.190187655641557,3.8282251867698682
127,Gomez,BHA,MID,5.0,19.112331291899828,6,3.1853885486499713,3.822466258379966
566,Silva,BOU,DEF,5.0,19.05174036054366,6,3.17529006009061,3.810348072108732
455,Tonali,TOT,MID,5.4,18.895496175531772,6,3.1492493625886286,3.4991659584318096
453,Barnes,NEW,MID,6.0,18.812710600109067,6,3.1354517666848447,3.1354517666848447
233,Mykolenko,EVE,DEF,4.5,18.789613530331188,6,3.131602255055198,4.175469673406931
79,Evanilson,BOU,FWD,6.0,18.744046325095276,6,3.1240077208492125,3.1240077208492125
161,Lavia,CHE,MID,5.0,18.73235006688006,6,3.12205834448001,3.746470013376012
268,King,FUL,MID,5.5,18.688587169106928,6,3.114764528184488,3.397924939837623
230,Branthwaite,EVE,DEF,5.5,18.66339270496074,6,3.11056545082679,3.3933441281746797
315,Fatawu,IPS,MID,5.5,18.614899026536882,6,3.1024831710894802,3.384527095733979
562,Maeda,IPS,MID,5.4,18.490591154377253,6,3.0817651923962086,3.424183547106898
567,Horníček,NEW,GK,5.0,18.35905261320258,6,3.0598421022004296,3.6718105226405156
486,McAtee,NFO,MID,5.5,18.338131087747254,6,3.056355181291209,3.3342056523176824
46,Barkley,AVL,MID,5.0,18.299243441196314,6,3.0498739068660523,3.6598486882392627
202,Richards,CRY,DEF,5.0,18.27404081975815,6,3.0456734699596915,3.6548081639516297
504,Vuskovic,BHA,DEF,5.0,18.228548655477738,6,3.038091442579623,3.6457097310955477
110,Rushworth,COV,GK,4.5,18.207611634636407,6,3.034601939106068,4.0461359188080905
242,George,EVE,MID,5.5,18.190173436484223,6,3.0316955727473704,3.3073042611789494
564,Scherpen,IPS,GK,4.5,18.057615823736004,6,3.009602637289334,4.0128035163857785
503,Van de Ven,TOT,DEF,5.0,17.960582814718453,6,2.993430469119742,3.5921165629436906
338,Ampadu,LEE,MID,5.5,17.86974025804677,6,2.9782900430077954,3.249043683281231
60,Hill,BOU,DEF,5.5,17.83701930721631,6,2.972836551202718,3.2430944194938744
385,Trafford,LEE,GK,5.0,17.827134544795026,6,2.971189090799171,3.5654269089590054
184,Grimes,COV,MID,5.0,17.81170084480713,6,2.968616807467855,3.562340168961426
57,Petrović,BOU,GK,4.5,17.74964443645619,6,2.9582740727426984,3.944365430323598
295,McBurnie,HUL,FWD,5.5,17.746816324785687,6,2.9578027207976145,3.226693877233761
87,Ajer,BRE,DEF,4.5,17.591140606238273,6,2.9318567677063787,3.9091423569418384
557,Tzolis,ARS,MID,6.4,17.557216047184152,6,2.926202674530692,2.7433150073725234
109,Verbruggen,BHA,GK,4.5,17.472111173164237,6,2.912018528860706,3.882691371814275
467,Sels,NFO,GK,5.0,17.443918101457278,6,2.907319683576213,3.4887836202914557
412,Lammens,MUN,GK,5.0,17.32299331401108,6,2.88716555233518,3.464598662802216
541,Meunier,SUN,DEF,4.5,17.257349414878203,6,2.8762249024797004,3.8349665366396004
250,Leno,FUL,GK,4.5,17.227869726426917,6,2.8713116210711527,3.828415494761537
447,Botman,NEW,DEF,5.0,17.138501826878347,6,2.856416971146391,3.4277003653756695
61,Truffert,BOU,DEF,5.5,17.137910441358915,6,2.8563184068931524,3.115983716610712
529,Roefs,SUN,GK,5.0,17.043222256809084,6,2.840537042801514,3.408644451361817
51,George Hemmings,AVL,MID,4.5,16.971520022226255,6,2.8285866703710423,3.7714488938280564
306,Greaves,IPS,DEF,4.0,16.944374306878384,6,2.824062384479731,4.236093576719596
258,Castagne,FUL,DEF,4.5,16.93245892245817,6,2.822076487076362,3.762768649435149
423,Shaw,MUN,DEF,4.4,16.926856750663475,6,2.821142791777246,3.8470128978780624
95,O.Dango,BRE,MID,6.4,16.856194149968097,6,2.8093656916613496,2.633780335932515
290,Slater,HUL,MID,4.5,16.80911019361952,6,2.8015183656032536,3.735357820804338
418,Maguire,MUN,DEF,4.9,16.732705876790575,6,2.788784312798429,3.414837934038893
214,Kamada,CRY,MID,5.0,16.732684842626234,6,2.7887808071043723,3.346536968525247
514,Tel,TOT,MID,5.8,16.67386670486064,6,2.7789777841434398,2.874804604286317
28,Martinez,CHE,GK,5.0,16.546890549352412,6,2.757815091558735,3.309378109870482
280,Coyle,HUL,DEF,4.0,16.543510663830787,6,2.757251777305131,4.135877665957697
26,Havertz,ARS,FWD,7.5,16.50968763625669,6,2.7516146060427817,2.201291684834225
96,Damsgaard,BRE,MID,5.5,16.50662684486563,6,2.7511044741442716,3.00120488088466
336,Okafor,LEE,MID,5.9,16.447194787887575,6,2.741199131314596,2.7876601335402666
499,Pedro Porro,TOT,DEF,5.5,16.255156575870615,6,2.7091927626451024,2.955483013794657
605,Yalcouyé,BHA,MID,4.5,16.15657433880329,6,2.692762389800548,3.5903498530673974
183,Rudoni,COV,MID,5.0,16.037546095920717,6,2.6729243493201196,3.2075092191841437
459,L.Miley,NEW,MID,5.5,16.00953801319408,6,2.6682563355323468,2.9108250933080146
116,Dunk,BHA,DEF,4.5,15.791313632704075,6,2.631885605450679,3.509180807267572
536,Reinildo,SUN,DEF,4.5,15.663088859364372,6,2.610514809894062,3.4806864131920827
551,N.Angulo,SUN,MID,5.0,15.609322618850236,6,2.6015537698083726,3.1218645237700473
211,Yeremy,CRY,MID,5.5,15.585244486587877,6,2.597540747764646,2.8336808157432505
142,James,CHE,DEF,5.4,15.536038971043638,6,2.589339828507273,2.87704425389697
432,Mainoo,MUN,MID,5.5,15.450740727186746,6,2.5751234545311243,2.8092255867612264
545,Sadiki,SUN,MID,4.9,15.400464280176724,6,2.5667440466961207,3.142951893913617
552,Brobbey,SUN,FWD,5.9,15.338171275357913,6,2.5563618792263187,2.599690046670833
483,Ndoye,NFO,MID,5.5,15.313261403648541,6,2.5522102339414237,2.7842293461179164
362,Jacquet,LIV,DEF,5.0,15.269124690847299,6,2.5448541151412165,3.05382493816946
473,Aina,NFO,DEF,4.5,15.268658948577079,6,2.5447764914295132,3.3930353219060176
36,Maatsen,AVL,DEF,4.5,15.146070088276737,6,2.5243450147127895,3.365793352950386
166,N.Jackson,AVL,FWD,6.5,15.129117982163011,6,2.521519663693835,2.327556612640463
401,Marmoush,TOT,FWD,7.0,15.076479325780497,6,2.5127465542967493,2.153782760825785
644,Timber,CRY,MID,5.0,15.0677816672571,6,2.51129694454285,3.0135563334514197
576,Stroud,HUL,MID,5.0,14.996114336435848,6,2.4993523894059746,2.9992228672871697
267,Lukić,IPS,MID,5.0,14.957081623201764,6,2.492846937200294,2.991416324640353
393,Khusanov,MCI,DEF,5.5,14.861745150483243,6,2.4769575250805405,2.702135481906044
417,Dalot,MUN,DEF,4.9,14.731449396490184,6,2.4552415660816975,3.00641824418167
558,Schlager,NFO,MID,5.0,14.676199294354944,6,2.446033215725824,2.9352398588709887
264,Bobb,FUL,MID,5.5,14.64220272892575,6,2.440367121487625,2.6622186779865
31,Konsa,ARS,DEF,4.4,14.523094904871625,6,2.4205158174786043,3.300703387470824
534,Hume,SUN,DEF,4.5,14.47501056548267,6,2.4125017609137784,3.2166690145517043
47,Kamara,AVL,MID,5.0,14.462008469381056,6,2.4103347448968426,2.892401693876211
37,Lindelöf,AVL,DEF,4.5,14.433209973099155,6,2.405534995516526,3.2073799940220344
327,Bijol,LEE,DEF,5.0,14.374932114911616,6,2.395822019151936,2.874986422982323
138,Kostoulas,BHA,FWD,5.5,14.372782827296076,6,2.395463804549346,2.6132332413265593
454,Elanga,NEW,MID,6.1,14.2443446867035,6,2.3740574477839167,2.335138473230082
144,Gusto,CHE,DEF,5.0,14.212675908200662,6,2.3687793180334435,2.8425351816401325
32,Cash,AVL,DEF,4.5,14.198982608478502,6,2.3664971014130836,3.1553294685507782
70,Kluivert,BOU,MID,6.0,14.138622844612113,6,2.3564371407686857,2.3564371407686857
337,Aaronson,LEE,MID,5.4,14.070399833959918,6,2.3450666389933197,2.605629598881466
491,Igor Jesus,NFO,FWD,5.9,14.067520867017725,6,2.344586811169621,2.38432557068097
350,A.Becker,LIV,GK,5.5,14.06513810343122,6,2.344189683905203,2.5572978369874946
254,Robinson,FUL,DEF,4.5,13.895347557761543,6,2.3158912596269237,3.0878550128358984
377,Munoz,LIV,MID,6.5,13.66826254490673,6,2.278043757484455,2.1028096222933432
387,O'Reilly,MCI,DEF,6.5,13.63431328347857,6,2.272385547246428,2.097586658996703
429,Rashford,MUN,MID,7.0,13.510112486660699,6,2.25168541444345,1.930016069522957
257,Bassey,FUL,DEF,4.5,13.480097359175952,6,2.246682893195992,2.9955771909279894
372,Mac Allister,LIV,MID,5.4,13.310021572160675,6,2.218336928693446,2.464818809659384
474,Jair Cunha,NFO,DEF,4.5,13.278850376962833,6,2.2131417294938056,2.950855639325074
190,Tchaouna,COV,MID,5.5,13.237877922381948,6,2.206312987063658,2.406886894978536
113,F.Kadıoğlu,BHA,DEF,4.4,13.117681270464185,6,2.1862802117440308,2.981291197832769
358,Kerkez,LIV,DEF,5.4,13.067923598712193,6,2.1779872664520323,2.4199858516133688
593,Dedić,NEW,DEF,4.5,13.049411499277896,6,2.174901916546316,2.8998692220617546
203,Canvot,CRY,DEF,4.9,12.992212247538717,6,2.1653687079231196,2.651471887252799
502,Robertson,TOT,DEF,4.5,12.909103750622172,6,2.151517291770362,2.868689722360483
464,Wissa,NEW,FWD,6.2,12.825499701489065,6,2.137583283581511,2.0686289841111396
155,Enzo,MCI,MID,6.9,12.809292161078195,6,2.1348820268463657,1.8564191537794485
186,Mason-Clark,COV,MID,5.4,12.729488214005023,6,2.1215813690008374,2.3573126322231523
619,Palacios,IPS,MID,5.0,12.705811493572376,6,2.1176352489287296,2.5411622987144753
145,Fofana,CHE,DEF,5.0,12.64910464463059,6,2.1081841074384315,2.529820928926118
516,Bentancur,TOT,MID,5.5,12.640765226992798,6,2.1067942044987995,2.298320950362327
439,Šeško,MUN,FWD,7.0,12.634976083623283,6,2.105829347270547,1.8049965833747545
151,Acheampong,CHE,DEF,4.5,12.602094559980213,6,2.1003490933300353,2.8004654577733805
597,Suzuki,AVL,GK,5.0,12.556316139670832,6,2.092719356611805,2.5112632279341662
415,Dorgu,MUN,MID,5.8,12.51316976584872,6,2.08552829430812,2.1574430630773658
114,Boscagli,BHA,DEF,4.5,12.504686323844563,6,2.084114387307427,2.7788191830765694
148,Hato,CHE,DEF,4.5,12.47614181417462,6,2.0793569690291034,2.772475958705471
105,Anthony,BRE,MID,6.0,12.449166465638895,6,2.0748610776064824,2.0748610776064824
265,Berge,FUL,MID,5.0,12.404032685629241,6,2.067338780938207,2.480806537125848
371,Gravenberch,LIV,MID,5.9,12.363652220637881,6,2.0606087034396467,2.0955342746843866
246,Röhl,EVE,MID,5.0,12.138469945967756,6,2.0230783243279595,2.427693989193551
260,Wilson,LEE,MID,6.3,12.090901605204035,6,2.015150267534006,1.9191907309847676
269,Sessegnon,FUL,DEF,4.5,11.98440234236735,6,1.9974003903945583,2.6632005205260776
104,Onyeka,COV,MID,4.9,11.791627360472063,6,1.9652712267453438,2.4064545633616454
553,Isidor,SUN,FWD,5.5,11.781276779712439,6,1.9635461299520731,2.1420503235840798
575,Yirenkyi,COV,MID,4.9,11.735287910610605,6,1.955881318435101,2.394956716451144
129,Ayari,BHA,MID,5.4,11.703182088994813,6,1.9505303481658023,2.1672559424064466
309,Núñez,IPS,MID,5.0,11.603044733232345,6,1.9338407888720575,2.3206089466464688
64,Smith,BOU,DEF,4.5,11.57919947433219,6,1.929866579055365,2.573155438740487
496,Kinsky,TOT,GK,4.5,11.561506958173974,6,1.926917826362329,2.569223768483105
460,Willock,NEW,MID,5.0,11.546368200537138,6,1.924394700089523,2.3092736401074276
19,Zubimendi,ARS,MID,5.4,11.455006946736312,6,1.909167824456052,2.1212975827289466
244,Armstrong,EVE,MID,5.0,11.286540616449221,6,1.8810901027415368,2.257308123289844
640,Flemming,IPS,FWD,5.5,11.21416349742401,6,1.8690272495706683,2.0389388177134564
519,Gallagher,TOT,MID,5.4,11.209448034905225,6,1.868241339150871,2.0758237101676342
91,Pinnock,COV,DEF,4.5,11.15742964288669,6,1.8595716071477817,2.4794288095303756
419,Martinez,MUN,DEF,5.0,11.045515823420867,6,1.840919303903478,2.2091031646841737
7,Lewis-Skelly,ARS,MID,5.5,11.043952234943626,6,1.8406587058239376,2.0079913154442957
201,Muñoz,NFO,DEF,5.4,10.95274665646655,6,1.8254577760777584,2.0282864178641757
253,Andersen,FUL,DEF,5.0,10.870845806100647,6,1.8118076343501077,2.1741691612201293
73,Adams,BOU,MID,5.0,10.862114660951793,6,1.8103524434919656,2.1724229321903588
153,Disasi,CRY,DEF,4.5,10.750235158224656,6,1.7917058597041093,2.388941146272146
17,Merino,ARS,MID,5.9,10.67181475200185,6,1.7786357920003084,1.8087821613562458
598,Elvedi,LEE,DEF,4.5,10.58886080546389,6,1.7648101342439817,2.3530801789919753
34,Pau,AVL,DEF,4.5,10.528178568016054,6,1.7546964280026758,2.339595237336901
634,Fernandez-Pardo,NEW,FWD,6.0,10.371857293601922,6,1.728642882266987,1.728642882266987
580,Charles,FUL,MID,5.0,10.292609412442886,6,1.7154349020738142,2.058521882488577
149,Colwill,CHE,DEF,4.9,10.275333644194777,6,1.7125556073657962,2.0970068661621992
108,Wilson,BRE,FWD,5.5,10.223175460974245,6,1.7038625768290407,1.85875917472259
194,Thomas-Asante,COV,FWD,5.0,10.21775226488354,6,1.7029587108139232,2.043550452976708
239,Garner,EVE,MID,6.0,10.116472221004022,6,1.6860787035006704,1.6860787035006704
635,Larsson,FUL,MID,5.0,9.995283811066185,6,1.6658806351776976,1.9990567622132371
405,N.Gonzalez,NEW,MID,5.5,9.958248874623145,6,1.659708145770524,1.8105907044769354
222,Strand Larsen,CRY,FWD,6.0,9.817675423087254,6,1.636279237181209,1.636279237181209
345,Tanaka,LEE,MID,4.9,9.734247271505618,6,1.6223745452509364,1.986581075817473
579,Araujo,LIV,DEF,5.4,9.621130220549043,6,1.6035217034248406,1.781690781583156
522,Gray,TOT,MID,5.0,9.561960357858503,6,1.5936600596430839,1.9123920715717007
457,J.Murphy,NEW,MID,5.9,9.556511501557836,6,1.592751916926306,1.6197477121284467
525,Fernandes,TOT,MID,5.8,9.537328414823104,6,1.5895547358038506,1.6443669680729491
647,Osorio,CRY,MID,5.5,9.523209036157287,6,1.5872015060262143,1.7314925520285975
526,Solanke,TOT,FWD,5.9,9.502580562412971,6,1.5837634270688286,1.6106068749852493
14,Eze,ARS,MID,6.4,9.426021985856712,6,1.571003664309452,1.4728159352901111
357,Frimpong,LIV,DEF,5.4,9.413162073089755,6,1.568860345514959,1.7431781616832878
456,J.Ramsey,NEW,MID,4.9,9.403421280133061,6,1.567236880022177,1.919065567374094
9,Hincapie,ARS,DEF,5.3,9.384610385921446,6,1.5641017309869076,1.770681204890839
643,Chilwell,CRY,DEF,4.5,9.38058974045757,6,1.5634316234095949,2.08457549787946
642,Thomas,HUL,MID,5.5,9.324235321083165,6,1.5540392201805275,1.695315512924212
247,Hackney,EVE,MID,5.5,9.313108934208943,6,1.5521848223681571,1.693292533492535
462,Steur,NEW,MID,4.9,9.261699344488152,6,1.543616557414692,1.8901427233649288
195,Simms,COV,FWD,5.0,9.249701461532206,6,1.5416169102553676,1.8499402923064412
33,Mings,AVL,DEF,4.5,9.215877547110598,6,1.5359795911850995,2.0479727882467995
512,Kudus,TOT,MID,6.5,9.21139659127282,6,1.5352327652121367,1.4171379371188952
389,Matheus N.,MCI,DEF,5.9,9.205977988907614,6,1.5343296648179356,1.5603352523572227
627,Barcola,LIV,MID,8.0,9.031021835881106,6,1.5051703059801842,1.1288777294851382
646,Fofana,SUN,MID,5.5,8.89475328547476,6,1.48245888091246,1.61722787008632
621,McAidoo,MCI,MID,4.5,8.876242987670485,6,1.4793738312784142,1.9724984417045524
617,Cho,HUL,MID,5.0,8.844590149995414,6,1.4740983583325689,1.7689180299990828
102,Yarmoliuk,BRE,MID,4.9,8.793119885806814,6,1.4655199809678023,1.7945142624095536
649,Maitland-Niles,EVE,DEF,4.5,8.77262158225615,6,1.4621035970426917,1.949471462723589
638,Norton-Cuffy,HUL,DEF,4.0,8.756116421008622,6,1.4593527368347703,2.1890291052521555
331,Gudmundsson,LEE,DEF,4.5,8.755019003569315,6,1.459169833928219,1.9455597785709589
616,Bouaddi,MCI,MID,5.5,8.719361627181966,6,1.453226937863661,1.5853384776694484
347,Nmecha,LEE,FWD,5.4,8.591056872637179,6,1.4318428121061963,1.5909364578957736
584,Hamer,COV,MID,5.4,8.564687095314909,6,1.4274478492191516,1.586053165799057
209,Johnson,EVE,MID,5.9,8.4979928834086,6,1.4163321472347665,1.4403377768489152
506,Udogie,TOT,DEF,4.5,8.468892112771151,6,1.4114820187951918,1.8819760250602557
157,Estêvão,CHE,MID,6.4,8.434538905087464,6,1.405756484181244,1.3178967039199163
11,Mosquera,ARS,DEF,5.4,8.43370579782051,6,1.405617632970085,1.5617973699667609
238,Grealish,EVE,MID,6.5,8.432791277349276,6,1.405465212891546,1.2973525042075809
71,Cook,BOU,MID,5.0,8.38642330110713,6,1.3977372168511881,1.6772846602214257
25,Gyökeres,ARS,FWD,7.3,8.367664200286116,6,1.394610700047686,1.1462553699022078
160,Garnacho,AVL,MID,5.9,8.352906182666732,6,1.3921510304444553,1.41574681062148
422,Mazraoui,MUN,DEF,4.4,8.309665917091095,6,1.3849443195151825,1.8885604357025214
498,Senesi,TOT,DEF,5.9,8.274147726694137,6,1.3790246211156896,1.4023979197786671
611,Wan-Bissaka,AVL,DEF,4.5,8.269493870088807,6,1.3782489783481344,1.8376653044641793
589,Gourna-Douath,HUL,MID,5.0,8.255761560199078,6,1.3759602600331797,1.6511523120398155
323,McAteer,IPS,MID,4.5,8.233856878136665,6,1.3723094796894442,1.829745972919259
262,Smith Rowe,FUL,MID,5.4,8.124631751617446,6,1.354105291936241,1.504561435484712
52,Alysson,AVL,MID,5.0,7.922492238622275,6,1.3204153731037125,1.584498447724455
162,Andrey Santos,MUN,MID,4.9,7.839448341299512,6,1.3065747235499188,1.5998874165917372
16,Madueke,ARS,MID,6.3,7.792887605165258,6,1.2988146008608763,1.236966286534168
577,Tomiyasu,CRY,DEF,4.5,7.745948437707584,6,1.2909914062845973,1.7213218750461299
585,Herrington,HUL,DEF,4.0,7.63460200472621,6,1.2724336674543684,1.9086505011815524
592,Ouattara,IPS,DEF,4.0,7.626867207784259,6,1.2711445346307098,1.9067168019460647
583,Chavarria,CHE,DEF,4.9,7.620027164750572,6,1.2700045274584286,1.5551075846429736
403,Sávio,TOT,MID,6.5,7.495272778652453,6,1.2492121297754089,1.1531188890234543
56,Abraham,AVL,FWD,5.5,7.431397297688508,6,1.238566216281418,1.3511631450342743
119,Costinha,BHA,DEF,4.5,7.412255178205366,6,1.2353758630342278,1.6471678173789703
369,Ngumoha,LIV,MID,5.8,7.365892125538921,6,1.2276486875898203,1.2699814009549864
395,Lewis,MCI,DEF,4.5,7.302127941200672,6,1.2170213235334453,1.6226950980445938
320,Akpom,IPS,FWD,5.0,7.233627570061967,6,1.2056045950103278,1.4467255140123934
608,Jebbison,BOU,FWD,5.0,7.181222211093668,6,1.1968703685156112,1.4362444422187335
594,David,BHA,FWD,6.0,7.0564613243988115,6,1.176076887399802,1.176076887399802
488,I.Sangaré,NFO,MID,4.9,6.986204093270546,6,1.1643673488784243,1.425755937402152
90,Hickey,BRE,DEF,4.5,6.959097698940417,6,1.1598496164900696,1.5464661553200927
167,Delap,NFO,FWD,5.5,6.90369534623898,6,1.1506158910398299,1.2552173356798144
535,Alderete,SUN,DEF,4.9,6.854695872899904,6,1.142449312149984,1.398917525081613
241,McNeil,CRY,MID,5.4,6.8522068284795346,6,1.1420344714132558,1.268927190459173
420,Yoro,MUN,DEF,4.9,6.7813391973453925,6,1.1302231995575653,1.3839467749684473
232,O'Brien,EVE,DEF,4.9,6.70688491220836,6,1.1178141520347267,1.3687520228996652
75,Christie,BOU,MID,5.0,6.660942046788291,6,1.1101570077980485,1.3321884093576581
74,Brooks,BOU,MID,5.0,6.577583216935951,6,1.0962638694893252,1.31551664338719
501,Danso,SUN,DEF,5.0,6.480011637663804,6,1.080001939610634,1.2960023275327608
490,Wood,NFO,FWD,5.9,6.429601812810632,6,1.0716003021351053,1.0897630191204462
231,Keane,EVE,DEF,4.9,6.351313955892271,6,1.0585523259820453,1.2961865216106676
482,Hudson-Odoi,NFO,MID,5.9,6.318087256385572,6,1.0530145427309285,1.0708622468450122
42,Guessand,CRY,MID,5.5,6.299846901620102,6,1.0499744836033502,1.145426709385473
375,Nyoni,LIV,MID,4.9,6.259528767912654,6,1.043254794652109,1.277454850594419
313,Clarke,IPS,MID,5.5,6.239616282994795,6,1.0399360471657992,1.1344756878172355
72,Gannon-Doak,BOU,MID,4.9,6.199544866297637,6,1.0332574777162729,1.2652132380199257
271,Muniz,FUL,FWD,5.4,6.146037702735658,6,1.0243396171226096,1.138155130136233
263,Kevin,FUL,MID,5.4,6.100430467842337,6,1.0167384113070561,1.129709345896729
207,Mingueza,CRY,DEF,4.4,6.026463530302257,6,1.0044105883837096,1.369650802341422
452,Bruno G.,ARS,MID,6.8,6.0118240140689965,6,1.0019706690114993,0.8840917667748525
381,Koumas,LIV,MID,5.0,5.995080373103516,6,0.9991800621839193,1.1990160746207033
136,Welbeck,CHE,FWD,5.9,5.914730367228088,6,0.9857883945380147,1.0024966724115403
188,Torp,COV,MID,5.4,5.89815429412125,6,0.983025715686875,1.0922507952076388
548,Rigg,SUN,MID,4.9,5.7654432206730375,6,0.9609072034455063,1.176621065443477
596,Ruggeri,AVL,DEF,4.5,5.759216935081502,6,0.9598694891802504,1.2798259855736671
406,Kovačić,MCI,MID,5.4,5.557445662352658,6,0.926240943725443,1.029156604139381
520,Bergvall,TOT,MID,5.4,5.5125068995544275,6,0.9187511499257379,1.0208346110285975
123,Hinshelwood,BHA,MID,6.0,5.446241167915774,6,0.9077068613192957,0.9077068613192957
600,Osman,BHA,MID,5.0,5.424290817868525,6,0.9040484696447542,1.084858163573705
289,Crooks,HUL,MID,4.5,5.333918091753751,6,0.8889863486256252,1.1853151315008335
84,Collins,BRE,DEF,5.5,5.302645696802875,6,0.8837742828004792,0.9641173994187046
421,Heaven,MUN,DEF,4.4,5.262344918339648,6,0.8770574863899413,1.195987481440829
478,Netz,NFO,DEF,4.5,5.256146570606099,6,0.8760244284343498,1.1680325712457997
125,Georginio,BHA,FWD,5.5,5.219113170404481,6,0.8698521950674135,0.9489296673462693
549,Talbi,SUN,MID,5.4,5.133727049570962,6,0.8556211749284937,0.9506901943649929
622,Braithwaite,MCI,DEF,4.0,4.96699578810356,6,0.8278326313505934,1.24174894702589
450,Livramento,NEW,DEF,4.9,4.851380836130691,6,0.8085634726884484,0.9900777216593246
159,Caicedo,CHE,MID,5.4,4.841218278386259,6,0.8068697130643766,0.8965219034048628
255,J.Cuenca,FUL,DEF,4.5,4.656539444178866,6,0.7760899073631443,1.034786543150859
89,Henry,BRE,DEF,4.5,4.565321116711437,6,0.7608868527852395,1.0145158037136526
487,Dominguez,NFO,MID,4.9,4.516912473936784,6,0.7528187456561306,0.9218188722319965
212,Hughes,CRY,MID,4.5,4.408121674751065,6,0.7346869457918442,0.9795825943891256
328,Struijk,BHA,DEF,5.0,4.361921201562561,6,0.7269868669270935,0.8723842403125122
81,Rodríguez,BOU,FWD,6.0,4.355991335534497,6,0.7259985559224161,0.7259985559224161
442,Pope,NEW,GK,4.9,4.294807695397158,6,0.715801282566193,0.8764913664075832
574,Hjertø-Dahl,HUL,MID,4.9,4.26910888757062,6,0.7115181479284366,0.8712467117491061
578,Mudryk,TOT,MID,5.4,4.242221783108187,6,0.7070369638513645,0.7855966265015161
339,Longstaff,LEE,MID,4.9,4.205926145312717,6,0.7009876908854529,0.8583522745536157
93,Schuster,BRE,DEF,4.5,4.20275631314727,6,0.700459385524545,0.93394584736606
539,O'Nien,SUN,DEF,4.0,4.127919009379486,6,0.6879865015632477,1.0319797523448715
243,Alcaraz,EVE,MID,5.0,4.10055693079791,6,0.683426155132985,0.820111386159582
581,Diomande,NFO,DEF,5.4,3.9878608073928237,6,0.6646434678988039,0.7384927421097821
185,Sakamoto,COV,MID,4.9,3.9474136498278627,6,0.6579022749713105,0.8055946224138495
568,Barco,CHE,MID,5.5,3.8729687364691077,6,0.6454947894115179,0.7041761339034741
461,Touré,NEW,MID,5.8,3.8390623938362407,6,0.6398437323060401,0.6619073092821105
595,Gozo,CRY,MID,5.0,3.821158727752648,6,0.6368597879587746,0.7642317455505296
321,Walle Egeli,IPS,FWD,4.5,3.8153771389543456,6,0.6358961898257243,0.847861586434299
396,Vitor Reis,MCI,DEF,4.5,3.7728930714379887,6,0.6288155119063314,0.8384206825417753
493,Kalimuendo,NFO,FWD,5.4,3.7627797999667005,6,0.6271299666611168,0.6968110740679074
29,M.Bizot,AVL,GK,4.5,3.7308267470301684,6,0.6218044578383614,0.8290726104511486
308,Furlong,IPS,DEF,4.0,3.571576893023413,6,0.5952628155039021,0.8928942232558532
620,Diouf,BRE,DEF,4.5,3.554405673859466,6,0.5924009456432443,0.7898679275243258
256,Tete,FUL,DEF,4.4,3.5469465696331164,6,0.5911577616055194,0.8061242203711627
446,Schär,NEW,DEF,5.0,3.4979943896375962,6,0.5829990649395994,0.6995988779275193
164,Quenda,CHE,MID,5.4,3.455771860854523,6,0.5759619768090872,0.6399577520100969
559,Bamba,NEW,MID,4.9,3.4454215466684914,6,0.5742369244447486,0.7031472544221411
364,Tsimikas,LIV,DEF,4.9,3.425874714987987,6,0.5709791191646645,0.6991581050995891
76,Tóth.A,BOU,MID,5.0,3.4114650286946633,6,0.5685775047824438,0.6822930057389327
637,Vaz,HUL,FWD,5.0,3.376881178357486,6,0.5628135297262477,0.6753762356714972
435,Lacey,MUN,MID,4.9,3.3729343178178564,6,0.5621557196363094,0.6883539424118074
556,Targett,HUL,DEF,4.0,3.347718074901433,6,0.5579530124835722,0.8369295187253583
135,Yohanna,BHA,MID,4.9,3.263039323822529,6,0.5438398873037548,0.6659263926168426
213,Lerma,CRY,MID,4.9,3.122910005296472,6,0.5204850008827453,0.6373285725094839
343,James,LEE,MID,5.0,3.092466799618931,6,0.5154111332698218,0.6184933599237862
630,Harwood-Bellis,AVL,DEF,4.5,3.0858926566460037,6,0.5143154427743339,0.6857539236991119
651,J.Angulo,SUN,FWD,4.5,3.066281890948698,6,0.511046981824783,0.6813959757663773
240,Iroegbunam,HUL,MID,5.0,3.063996614538454,6,0.5106661024230756,0.6127993229076908
631,Mbaye,AVL,MID,6.0,3.04007557441119,6,0.506679262401865,0.506679262401865
645,Mouzakitis,HUL,MID,5.0,3.000614474361304,6,0.5001024123935507,0.6001228948722608
633,Ahanor,CRY,DEF,4.5,2.981796894934694,6,0.49696614915578236,0.6626215322077098
653,Samba,MCI,MID,4.5,2.9726652290335376,6,0.49544420483892293,0.6605922731185639
628,Allan,MCI,MID,6.0,2.9726652290335376,6,0.49544420483892293,0.49544420483892293
648,Bahoya,LEE,MID,5.0,2.892261848886251,6,0.48204364148104184,0.5784523697772502
636,Ángel,FUL,MID,5.0,2.878199767719816,6,0.479699961286636,0.5756399535439632
654,Graham,EVE,MID,4.5,2.8687866849359724,6,0.4781311141559954,0.6375081522079938
641,Bard,LEE,DEF,4.5,2.8508453993237084,6,0.47514089988728475,0.633521199849713
35,Bogarde,AVL,MID,5.0,2.804836243877419,6,0.4674727073129032,0.5609672487754838
392,Aït-Nouri,MCI,DEF,5.3,2.7829749028245034,6,0.4638291504707506,0.5250896043065101
639,Andrés,BHA,MID,5.5,2.7298217903187316,6,0.45497029838645525,0.4963312346034057
650,Affengruber,FUL,DEF,4.5,2.683386078152757,6,0.44723101302545953,0.5963080173672793
515,Maddison,TOT,MID,6.3,2.5967680672361615,6,0.4327946778726936,0.4121854074978034
285,McNair,HUL,DEF,4.0,2.5017472186987972,6,0.4169578697831329,0.6254368046746993
430,Mount,MUN,MID,5.4,2.4494484204833302,6,0.40824140341388837,0.45360155934876484
62,Diakité,BOU,DEF,5.0,2.4105565587497964,6,0.4017594264582994,0.48211131174995925
497,Dubravka,TOT,GK,4.0,2.1787847025976683,6,0.36313078376627805,0.5446961756494171
5,J.Timber,ARS,DEF,6.5,2.1542632341066597,6,0.35904387235110996,0.3314251129394861
629,Zetterer,LEE,GK,4.0,2.1197381809336884,6,0.3532896968222814,0.5299345452334221
612,Methalie,SUN,DEF,4.5,1.951951296637251,6,0.3253252161062085,0.433766954808278
626,Zepa,FUL,MID,4.5,1.93650109672285,6,0.3227501827871417,0.43033357704952224
613,Ahoka,SUN,MID,4.5,1.8768755402565478,6,0.31281259004275797,0.417083453390344
599,Cherif,COV,FWD,5.0,1.8749304974690162,6,0.31248841624483603,0.37498609949380324
179,Latibeaudiere,COV,DEF,4.0,1.8425121216940017,6,0.30708535361566697,0.4606280304235004
178,Bidwell,COV,DEF,4.0,1.8425121216940017,6,0.30708535361566697,0.4606280304235004
614,Hadjam,BHA,DEF,4.5,1.7968608999139355,6,0.29947681665232256,0.39930242220309675
623,Bentley,COV,GK,4.0,1.7947696693892743,6,0.2991282782315457,0.4486924173473186
169,Mheuka,CHE,FWD,4.5,1.778471844657004,6,0.29641197410950065,0.39521596547933424
571,Florentino,IPS,MID,4.9,1.7562481921283575,6,0.2927080320213929,0.3584179983935423
107,Furo,BRE,FWD,4.5,1.746626694565389,6,0.2911044490942315,0.3881392654589753
272,Kusi-Asare,FUL,FWD,4.5,1.7295539291492679,6,0.28825898819154466,0.3843453175887262
441,Obi,MUN,FWD,4.5,1.7234924019948783,6,0.28724873366581305,0.3829983115544174
187,Eccles,COV,MID,4.9,1.6840684998785442,6,0.2806780833130907,0.3436874489548049
189,Shepherd,COV,MID,4.5,1.6840684998785442,6,0.2806780833130907,0.37423744441745427
2,Arrizabalaga,ARS,GK,4.9,1.6799365295412465,6,0.27998942159020773,0.3428441897022952
3,Meslier,ARS,GK,4.9,1.6799365295412465,6,0.27998942159020773,0.3428441897022952
382,Danns,LIV,FWD,4.5,1.6755703565481,6,0.27926172609134997,0.37234896812179996
284,McCarthy,HUL,DEF,4.0,1.6423488360432206,6,0.27372480600720345,0.41058720901080514
38,A.García,AVL,DEF,4.0,1.6414620027245928,6,0.2735770004540988,0.4103655006811482
606,Rowe,AVL,DEF,4.0,1.6414620027245928,6,0.2735770004540988,0.4103655006811482
50,Burrowes,AVL,MID,4.5,1.6164996402600131,6,0.26941660671000217,0.35922214228000293
20,Dowman,ARS,MID,5.3,1.6127103919917,6,0.26878506533195,0.3042849796210755
476,O.Richards,NFO,DEF,4.0,1.6077657994372785,6,0.26796096657287977,0.4019414498593196
221,Drakes-Thomas,CRY,MID,4.5,1.6048498478331594,6,0.2674749746388599,0.3566332995184799
217,M.França,CRY,MID,4.9,1.6048498478331594,6,0.2674749746388599,0.32752037710880805
219,J.Rak-Sakyi,CRY,MID,4.9,1.6048498478331594,6,0.2674749746388599,0.32752037710880805
218,Doucouré,CRY,MID,4.9,1.6048498478331594,6,0.2674749746388599,0.32752037710880805
561,Anselmino,CHE,DEF,4.5,1.6029069101690396,6,0.26715115169483994,0.3562015355931199
609,Shahar,NEW,DEF,4.0,1.6020393512833917,6,0.26700655854723193,0.4005098378208479
296,Akintola,HUL,MID,5.0,1.5847847472128573,6,0.2641307912021429,0.31695694944257147
292,Ömür,HUL,MID,4.9,1.5847847472128573,6,0.2641307912021429,0.3234254586148688
294,Zambrano,HUL,MID,4.5,1.5847847472128573,6,0.2641307912021429,0.35217438826952385
288,Dowell,HUL,MID,4.5,1.5847847472128573,6,0.2641307912021429,0.35217438826952385
340,Gelhardt,HUL,MID,5.0,1.5847847472128573,6,0.2641307912021429,0.31695694944257147
303,Kipré,IPS,DEF,4.0,1.5817551524543798,6,0.26362585874239663,0.39543878811359495
524,Olusesi,TOT,MID,4.5,1.5802652141315998,6,0.26337753568859995,0.35117004758479997
601,Williams-Barnett,TOT,MID,4.5,1.5802652141315998,6,0.26337753568859995,0.35117004758479997
92,Ji-soo,BRE,DEF,4.5,1.5659256613676804,6,0.26098761022794675,0.347983480303929
100,Carvalho,BRE,MID,5.0,1.5510351858826354,6,0.2585058643137726,0.3102070371765271
324,Mehmeti,IPS,MID,4.9,1.5356077404131498,6,0.25593462340219164,0.3133893347781938
604,Cresswell,LEE,MID,4.5,1.5291280436496264,6,0.2548546739416044,0.3398062319221392
270,Reed,FUL,MID,4.5,1.5273293897647933,6,0.2545548982941322,0.33940653105884294
245,Dibling,EVE,MID,5.4,1.5137703117863779,6,0.25229505196439633,0.2803278355159959
437,Bendito Mantato,MUN,MID,4.5,1.5108413392332984,6,0.2518068898722164,0.3357425198296219
438,Fletcher,MUN,MID,4.5,1.5108413392332984,6,0.2518068898722164,0.3357425198296219
434,J.Fletcher,MUN,MID,4.9,1.5108413392332984,6,0.2518068898722164,0.30833496719046904
603,Lienou,LEE,DEF,4.0,1.5076613776939585,6,0.2512768962823264,0.3769153444234896
508,Davies,TOT,DEF,4.0,1.501310630370959,6,0.25021843839515984,0.3753276575927397
510,Rowswell,TOT,DEF,4.0,1.501310630370959,6,0.25021843839515984,0.3753276575927397
509,Byfield,TOT,DEF,4.0,1.501310630370959,6,0.25021843839515984,0.3753276575927397
550,Jocelin.T,SUN,MID,5.0,1.4763176460551375,6,0.2460529410091896,0.2952635292110275
378,McConnell,LIV,MID,4.5,1.475060930171307,6,0.2458434883618845,0.327791317815846
374,Endo,LIV,MID,5.0,1.475060930171307,6,0.2458434883618845,0.2950121860342614
66,Soler,BOU,DEF,4.0,1.4713135695147788,6,0.24521892825246314,0.3678283923786947
573,Sanchez,BOU,DEF,4.5,1.4713135695147788,6,0.24521892825246314,0.3269585710032842
424,Amass,MUN,DEF,4.0,1.4658030977848042,6,0.24430051629746738,0.36645077444620106
134,Oriola,BHA,MID,4.5,1.4421640541391558,6,0.2403606756898593,0.3204809009198124
126,O'Riley,BHA,MID,5.5,1.4421640541391558,6,0.2403606756898593,0.26221164620711923
625,Cairns,LEE,GK,4.0,1.4161489199200656,6,0.2360248199866776,0.3540372299800164
172,Wilson,COV,GK,4.5,1.4140437757644655,6,0.23567396262741092,0.3142319501698812
117,Coppola,BHA,DEF,4.5,1.4129439085692446,6,0.23549065142820744,0.3139875352376099
120,Svoboda,BHA,DEF,5.0,1.4129439085692446,6,0.23549065142820744,0.28258878171384894
361,Lucky,LIV,DEF,4.0,1.3723211959681638,6,0.2287201993280273,0.34308029899204096
325,Darlow,MUN,GK,4.5,1.3650033653541818,6,0.22750056089236362,0.3033340811898182
615,Di Gregorio,BOU,GK,4.5,1.3469848103051598,6,0.2244974683841933,0.2993299578455911
587,Rulli,MCI,GK,5.0,1.345451822152764,6,0.224241970358794,0.2690903644305528
386,Bettinelli,MCI,GK,4.5,1.345451822152764,6,0.224241970358794,0.29898929381172534
351,Mamardashvili,LIV,GK,4.9,1.3439093316845303,6,0.22398488861408838,0.2742672105478633
170,Emegha,CHE,FWD,5.0,1.3408818816548886,6,0.2234803136091481,0.26817637633097774
101,Henderson,CHE,MID,4.9,1.2636740529240664,6,0.21061234215401106,0.25789266386205434
590,Benda,NFO,GK,4.5,1.2366759726710908,6,0.20611266211184845,0.27481688281579797
468,John,NFO,GK,4.5,1.2366759726710908,6,0.20611266211184845,0.27481688281579797
273,Phillips,HUL,GK,4.0,1.2257641921909477,6,0.2042940320318246,0.3064410480477369
228,King,EVE,GK,4.5,1.212381670694037,6,0.20206361178233948,0.26941814904311934
227,Travers,EVE,GK,5.0,1.212381670694037,6,0.20206361178233948,0.24247633413880737
152,Palestra,CHE,DEF,5.4,1.211168827299787,6,0.20186147121663114,0.2242905235740346
443,Gillespie,NEW,GK,4.5,1.199882658857796,6,0.199980443142966,0.266640590857288
444,Jaouen,NEW,GK,4.5,1.199882658857796,6,0.199980443142966,0.266640590857288
300,Walton,IPS,GK,4.5,1.1912665269913056,6,0.19854442116521762,0.2647258948869568
301,Palmer,IPS,GK,4.0,1.1912665269913056,6,0.19854442116521762,0.2978166317478264
302,Button,IPS,GK,4.0,1.1912665269913056,6,0.19854442116521762,0.2978166317478264
560,Penders,CHE,GK,4.5,1.1805131524636276,6,0.19675219207727127,0.26233625610302835
555,Matthews,CRY,GK,4.0,1.1692968632812952,6,0.19488281054688253,0.2923242158203238
199,Benitez,CRY,GK,4.5,1.1692968632812952,6,0.19488281054688253,0.25984374739584337
531,Ellborg,SUN,GK,4.5,1.1636412161501892,6,0.1939402026916982,0.25858693692226425
83,Valdimarsson,BRE,GK,4.5,1.1610695849848198,6,0.19351159749746996,0.25801546332995995
158,Gittens,CHE,MID,5.9,1.1076622614043097,6,0.18461037690071827,0.1877393663397135
495,Austin,TOT,GK,4.0,1.0873624727408864,6,0.18122707879014774,0.2718406181852216
610,De Fougerolles,FUL,DEF,4.0,1.0865885765665018,6,0.18109809609441696,0.27164714414162544
58,Forster,BOU,GK,4.0,1.0536088089300197,6,0.1756014681550033,0.26340220223250493
111,Steele,BHA,GK,4.0,1.051861158592692,6,0.175310193098782,0.262965289648173
440,Zirkzee,MUN,FWD,5.4,1.0509836416257474,6,0.1751639402709579,0.19462660030106432
251,Lecomte,FUL,GK,4.0,1.0326132638317358,6,0.17210221063862263,0.25815331595793395
355,Davies,LIV,GK,4.0,0.98294461373248,6,0.16382410228874666,0.24573615343312
352,Woodman,LIV,GK,4.0,0.98294461373248,6,0.16382410228874666,0.24573615343312
344,Gruev,LEE,MID,5.0,0.7013331338875541,6,0.11688885564792569,0.14026662677751084
147,Tosin,TOT,DEF,4.4,0.6454946720488681,6,0.10758244534147803,0.14670333455656093
489,Yates,NFO,MID,4.5,0.5344191525130425,6,0.08906985875217376,0.11875981166956501
171,Dovin,COV,GK,4.0,0.07469968344756295,6,0.012449947241260492,0.018674920861890737
180,Woolfenden,COV,DEF,4.0,0.07469968344756295,6,0.012449947241260492,0.018674920861890737
197,Bassette,COV,FWD,4.5,0.07469968344756295,6,0.012449947241260492,0.016599929655013987
193,Wright,COV,FWD,5.4,0.07469968344756295,6,0.012449947241260492,0.013833274712511657
196,Markelo,COV,FWD,5.0,0.07469968344756295,6,0.012449947241260492,0.01493993668951259
192,Andrews,COV,MID,4.5,0.07469968344756295,6,0.012449947241260492,0.016599929655013987
181,Brau,COV,DEF,4.0,0.07469968344756295,6,0.012449947241260492,0.018674920861890737
174,Kitching,COV,DEF,4.0,0.07469968344756295,6,0.012449947241260492,0.018674920861890737
191,Borges Rodrigues,COV,MID,4.5,0.07469968344756295,6,0.012449947241260492,0.016599929655013987
177,Kesler-Hayden,COV,DEF,4.0,0.07469968344756295,6,0.012449947241260492,0.018674920861890737
582,Madjo,AVL,FWD,5.5,0.06832581515518073,6,0.011387635859196788,0.012422875482760132
48,Onana,AVL,MID,5.0,0.06832581515518073,6,0.011387635859196788,0.013665163031036145
44,Bailey,AVL,MID,5.4,0.06832581515518073,6,0.011387635859196788,0.012652928732440874
39,Nedeljkovic,AVL,DEF,4.0,0.06832581515518073,6,0.011387635859196788,0.017081453788795182
55,Watkins,AVL,FWD,7.8,0.06832581515518073,6,0.011387635859196788,0.008759719891689837
30,Digne,AVL,DEF,4.5,0.06832581515518073,6,0.011387635859196788,0.015183514478929051
54,Gomes,AVL,MID,5.5,0.06832581515518073,6,0.011387635859196788,0.012422875482760132
53,Manzambi,AVL,MID,5.9,0.06832581515518073,6,0.011387635859196788,0.01158064663647131
49,Iling Jr,AVL,MID,5.0,0.06832581515518073,6,0.011387635859196788,0.013665163031036145
607,Lynch,AVL,MID,4.5,0.06832581515518073,6,0.011387635859196788,0.015183514478929051
618,Goretzka,AVL,MID,6.0,0.06832581515518073,6,0.011387635859196788,0.011387635859196788
206,Chadi Riad,CRY,DEF,4.4,0.06543038478440881,6,0.010905064130734802,0.014870541996456547
205,Sosa,CRY,DEF,4.5,0.06543038478440881,6,0.010905064130734802,0.014540085507646402
223,Mateta,CRY,FWD,6.4,0.06543038478440881,6,0.010905064130734802,0.010223497622563875
215,Devenny,CRY,MID,5.0,0.06543038478440881,6,0.010905064130734802,0.013086076956881762
220,Cardines,CRY,DEF,4.5,0.06543038478440881,6,0.010905064130734802,0.014540085507646402
216,Esse,CRY,MID,5.0,0.06543038478440881,6,0.010905064130734802,0.013086076956881762
225,Uche,CRY,FWD,5.0,0.06543038478440881,6,0.010905064130734802,0.013086076956881762
208,Sarr,CRY,MID,6.3,0.06543038478440881,6,0.010905064130734802,0.010385775362604573
458,Joelinton,NEW,MID,5.4,0.06501376379924392,6,0.010835627299873987,0.012039585888748873
466,Neave,NEW,FWD,4.5,0.06501376379924392,6,0.010835627299873987,0.014447503066498649
463,Woltemade,NEW,FWD,5.9,0.06501376379924392,6,0.010835627299873987,0.01101928199987185
465,Osula,NEW,FWD,5.9,0.06501376379924392,6,0.010835627299873987,0.01101928199987185
451,A.Murphy,NEW,DEF,4.0,0.06501376379924392,6,0.010835627299873987,0.01625344094981098
448,Burn,NEW,DEF,4.9,0.06501376379924392,6,0.010835627299873987,0.013268115061070188
523,Moore,TOT,MID,5.0,0.058894147870476435,6,0.009815691311746073,0.011778829574095286
527,Richarlison,TOT,FWD,5.9,0.058894147870476435,6,0.009815691311746073,0.0099820589610977
521,Kulusevski,TOT,MID,6.5,0.058894147870476435,6,0.009815691311746073,0.009060638133919451
518,P.M.Sarr,TOT,MID,4.9,0.058894147870476435,6,0.009815691311746073,0.012019213851117639
505,Spence,TOT,DEF,4.5,0.058894147870476435,6,0.009815691311746073,0.01308758841566143
511,Souza,TOT,DEF,4.0,0.058894147870476435,6,0.009815691311746073,0.014723536967619109
517,Odobert,TOT,MID,5.5,0.058894147870476435,6,0.009815691311746073,0.01070802688554117
513,Xavi,TOT,MID,6.0,0.058894147870476435,6,0.009815691311746073,0.009815691311746073
528,Scarlett,TOT,FWD,4.5,0.058894147870476435,6,0.009815691311746073,0.01308758841566143
507,Phillips,TOT,DEF,4.5,0.058894147870476435,6,0.009815691311746073,0.01308758841566143
494,Vicario,TOT,GK,4.5,0.058894147870476435,6,0.009815691311746073,0.01308758841566143
500,Romero,TOT,DEF,5.0,0.058894147870476435,6,0.009815691311746073,0.011778829574095286
470,Morato,NFO,DEF,5.0,0.05888054665741216,6,0.009813424442902027,0.011776109331482432
475,Savona,NFO,DEF,4.5,0.05888054665741216,6,0.009813424442902027,0.01308456592386937
484,Hutchinson,NFO,MID,5.4,0.05888054665741216,6,0.009813424442902027,0.010903804936557807
485,Bakwa,NFO,MID,5.5,0.05888054665741216,6,0.009813424442902027,0.010705553937711302
477,Abbott,NFO,DEF,4.0,0.05888054665741216,6,0.009813424442902027,0.01472013666435304
479,Bindon,NFO,DEF,4.0,0.05888054665741216,6,0.009813424442902027,0.01472013666435304
266,Cairney,FUL,MID,5.0,0.05804971448708315,6,0.009674952414513858,0.011609942897416629
252,McNally,FUL,GK,4.0,0.05804971448708315,6,0.009674952414513858,0.014512428621770787
307,Johnson,IPS,DEF,4.0,0.04881516530048733,6,0.008135860883414555,0.012203791325121833
318,Philogene,IPS,MID,5.4,0.04881516530048733,6,0.008135860883414555,0.009039845426016171
311,Burns,IPS,MID,5.0,0.04881516530048733,6,0.008135860883414555,0.009763033060097466
310,Matusiwa,IPS,MID,4.9,0.04881516530048733,6,0.008135860883414555,0.009962278632752515
554,Van Oevelen,IPS,GK,4.5,0.04881516530048733,6,0.008135860883414555,0.010847814511219406
319,Szmodics,IPS,MID,5.0,0.04881516530048733,6,0.008135860883414555,0.009763033060097466
322,Al-Hamadi,IPS,FWD,5.0,0.04881516530048733,6,0.008135860883414555,0.009763033060097466
314,Ogbene,IPS,MID,4.9,0.04881516530048733,6,0.008135860883414555,0.009962278632752515
317,Hirst,IPS,FWD,5.0,0.04881516530048733,6,0.008135860883414555,0.009763033060097466
602,Humphreys,IPS,MID,4.5,0.04881516530048733,6,0.008135860883414555,0.010847814511219406
312,Taylor,IPS,MID,4.5,0.04881516530048733,6,0.008135860883414555,0.010847814511219406
329,Rodon,LEE,DEF,4.4,0.04449147263029056,6,0.00741524543838176,0.010111698325066035
348,Piroe,LEE,FWD,5.0,0.04449147263029056,6,0.00741524543838176,0.008898294526058111
349,Mateo Joseph,LEE,FWD,4.5,0.04449147263029056,6,0.00741524543838176,0.009886993917842347
333,Bornauw,LEE,DEF,4.5,0.04449147263029056,6,0.00741524543838176,0.009886993917842347
326,Perri,LEE,GK,4.5,0.04449147263029056,6,0.00741524543838176,0.009886993917842347
341,Gnonto,LEE,MID,5.0,0.04449147263029056,6,0.00741524543838176,0.008898294526058111
342,Harrison,LEE,MID,5.0,0.04449147263029056,6,0.00741524543838176,0.008898294526058111
99,Milambo,BRE,MID,5.0,0.04294693783027524,6,0.007157822971712541,0.008589387566055049
103,Dasilva,BRE,MID,5.0,0.04294693783027524,6,0.007157822971712541,0.008589387566055049
85,Van den Berg,BRE,DEF,4.9,0.04294693783027524,6,0.007157822971712541,0.008764681189852089
97,Jensen,BRE,MID,5.5,0.04294693783027524,6,0.007157822971712541,0.007808534150959135
281,Drameh,HUL,DEF,4.0,0.041444505881446034,6,0.006907417646907672,0.010361126470361508
298,Destan,HUL,FWD,4.5,0.041444505881446034,6,0.006907417646907672,0.009209890195876896
287,Millar,HUL,MID,5.0,0.041444505881446034,6,0.006907417646907672,0.008288901176289207
276,Lo-Tutala,HUL,GK,4.0,0.041444505881446034,6,0.006907417646907672,0.010361126470361508
278,Hughes,HUL,DEF,4.0,0.041444505881446034,6,0.006907417646907672,0.010361126470361508
275,Cartwright,HUL,GK,4.0,0.041444505881446034,6,0.006907417646907672,0.010361126470361508
291,Matazo,HUL,MID,4.5,0.041444505881446034,6,0.006907417646907672,0.009209890195876896
283,Jacob,HUL,DEF,4.0,0.041444505881446034,6,0.006907417646907672,0.010361126470361508
563,Morita,HUL,MID,5.0,0.041444505881446034,6,0.006907417646907672,0.008288901176289207
293,Kamara,HUL,MID,5.0,0.041444505881446034,6,0.006907417646907672,0.008288901176289207
632,Ansah,HUL,FWD,5.0,0.041444505881446034,6,0.006907417646907672,0.008288901176289207
299,Burstow,HUL,FWD,4.5,0.041444505881446034,6,0.006907417646907672,0.009209890195876896
297,Gyabi,HUL,MID,4.5,0.041444505881446034,6,0.006907417646907672,0.009209890195876896
274,Butland,HUL,GK,4.5,0.041444505881446034,6,0.006907417646907672,0.009209890195876896
122,Minteh,BHA,MID,5.9,0.040718700765049166,6,0.006786450127508194,0.006901474705940536
130,Wieffer,BHA,DEF,5.0,0.040718700765049166,6,0.006786450127508194,0.008143740153009834
128,Buonanotte,BHA,MID,5.0,0.040718700765049166,6,0.006786450127508194,0.008143740153009834
121,Mitoma,BHA,MID,5.9,0.040718700765049166,6,0.006786450127508194,0.006901474705940536
118,Igor,BHA,DEF,4.5,0.040718700765049166,6,0.006786450127508194,0.009048600170010926
133,Watson,BHA,MID,5.0,0.040718700765049166,6,0.006786450127508194,0.008143740153009834
132,Howell,BHA,MID,4.5,0.040718700765049166,6,0.006786450127508194,0.009048600170010926
652,Azeez,BHA,MID,5.5,0.040718700765049166,6,0.006786450127508194,0.007403400139099848
137,Tzimas,BHA,FWD,5.5,0.040718700765049166,6,0.006786450127508194,0.007403400139099848
139,Ferguson,BHA,FWD,5.0,0.040718700765049166,6,0.006786450127508194,0.008143740153009834
624,Cozier-Duberry,BHA,MID,5.0,0.040718700765049166,6,0.006786450127508194,0.008143740153009834
537,Seelt,SUN,DEF,4.5,0.038402251674229074,6,0.006400375279038179,0.008533833705384238
530,Patterson,SUN,GK,4.0,0.038402251674229074,6,0.006400375279038179,0.009600562918557268
547,Mundle,SUN,MID,4.9,0.038402251674229074,6,0.006400375279038179,0.007837194219230422
546,Adingra,SUN,MID,4.9,0.038402251674229074,6,0.006400375279038179,0.007837194219230422
543,Diarra,SUN,MID,5.4,0.038402251674229074,6,0.006400375279038179,0.007111528087820198
538,Hjelde,SUN,DEF,4.0,0.038402251674229074,6,0.006400375279038179,0.009600562918557268
540,Masuaku,SUN,DEF,4.0,0.038402251674229074,6,0.006400375279038179,0.009600562918557268
234,Patterson,EVE,DEF,4.5,0.03739672498888373,6,0.006232787498147288,0.008310383330863052
235,Aznou,EVE,DEF,4.0,0.03739672498888373,6,0.006232787498147288,0.009349181247220933
248,Beto,EVE,FWD,5.4,0.03739672498888373,6,0.006232787498147288,0.006925319442385875
21,Nørgaard,EVE,MID,4.9,0.03739672498888373,6,0.006232787498147288,0.007631984691608924
353,Pecsi,LIV,GK,4.0,0.031111937501728186,6,0.005185322916954698,0.0077779843754320465
365,Ramsay,LIV,DEF,4.0,0.031111937501728186,6,0.005185322916954698,0.0077779843754320465
380,Ekitiké,LIV,FWD,7.4,0.031111937501728186,6,0.005185322916954698,0.004204315878611917
383,Elliott,LIV,MID,5.4,0.031111937501728186,6,0.005185322916954698,0.005761469907727442
373,C.Jones,LIV,MID,5.5,0.031111937501728186,6,0.005185322916954698,0.005656715909405125
363,Leoni,LIV,DEF,4.0,0.031111937501728186,6,0.005185322916954698,0.0077779843754320465
359,Gomez,LIV,DEF,5.0,0.031111937501728186,6,0.005185322916954698,0.0062223875003456375
376,Bajcetic,LIV,MID,5.0,0.031111937501728186,6,0.005185322916954698,0.0062223875003456375
370,Chiesa,LIV,MID,5.4,0.031111937501728186,6,0.005185322916954698,0.005761469907727442
360,Bradley,LIV,DEF,5.0,0.031111937501728186,6,0.005185322916954698,0.0062223875003456375
354,Jaros,LIV,GK,4.0,0.031111937501728186,6,0.005185322916954698,0.0077779843754320465
80,Enes Ünal,BOU,FWD,5.5,0.029857524862277718,6,0.004976254143712953,0.0054286408840504945
77,Adli,BOU,MID,4.9,0.029857524862277718,6,0.004976254143712953,0.006093372420873003
78,Kroupi.Jr,BOU,MID,7.4,0.029857524862277718,6,0.004976254143712953,0.004034800657064556
65,J.Araujo,BOU,DEF,4.4,0.029857524862277718,6,0.004976254143712953,0.006785801105063117
59,Dennis,BOU,GK,4.0,0.029857524862277718,6,0.004976254143712953,0.0074643812155694295
63,Milosavljević,BOU,DEF,5.0,0.029857524862277718,6,0.004976254143712953,0.005971504972455544
6,Saliba,ARS,DEF,5.9,0.02738689669714076,6,0.004564482782856793,0.004641846897820467
27,G.Jesus,ARS,FWD,5.9,0.02738689669714076,6,0.004564482782856793,0.004641846897820467
22,Nwaneri,ARS,MID,5.4,0.02738689669714076,6,0.004564482782856793,0.005071647536507548
23,Fábio Vieira,ARS,MID,5.5,0.02738689669714076,6,0.004564482782856793,0.004979435763116501
24,Nelson,ARS,MID,5.5,0.02738689669714076,6,0.004564482782856793,0.004979435763116501
18,Martinelli,ARS,MID,6.3,0.02738689669714076,6,0.004564482782856793,0.004347126459863613
163,D.Essugo,CHE,MID,4.5,0.022899950303549813,6,0.0038166583839249688,0.005088877845233292
168,Marc Guiu,CHE,FWD,5.0,0.022899950303549813,6,0.0038166583839249688,0.004579990060709962
146,B.Badiashile,CHE,DEF,4.5,0.022899950303549813,6,0.0038166583839249688,0.005088877845233292
141,Jörgensen,CHE,GK,5.0,0.022899950303549813,6,0.0038166583839249688,0.004579990060709962
143,Chalobah,CHE,DEF,5.5,0.022899950303549813,6,0.0038166583839249688,0.004163627327918148
140,Sánchez,CHE,GK,4.9,0.022899950303549813,6,0.0038166583839249688,0.00467345924562241
150,M.Sarr,CHE,DEF,4.5,0.022899950303549813,6,0.0038166583839249688,0.005088877845233292
425,Fredricson,MUN,DEF,4.0,0.019127515726539018,6,0.003187919287756503,0.004781878931634754
414,Heaton,MUN,GK,4.0,0.019127515726539018,6,0.003187919287756503,0.004781878931634754
413,Bayindir,MUN,GK,4.5,0.019127515726539018,6,0.003187919287756503,0.004250559050342004
416,De Ligt,MUN,DEF,5.0,0.019127515726539018,6,0.003187919287756503,0.0038255031453078036
433,Ugarte,MUN,MID,5.0,0.019127515726539018,6,0.003187919287756503,0.0038255031453078036
431,Amad,MUN,MID,5.8,0.019127515726539018,6,0.003187919287756503,0.0032978475390584515
436,Collyer,MUN,MID,5.0,0.019127515726539018,6,0.003187919287756503,0.0038255031453078036
131,Baleba,MUN,MID,5.0,0.019127515726539018,6,0.003187919287756503,0.0038255031453078036
394,Alleyne,MCI,DEF,5.0,0.013112598369337387,6,0.002185433061556231,0.0026225196738674772
404,Reijnders,MCI,MID,6.0,0.013112598369337387,6,0.002185433061556231,0.002185433061556231
402,Rodrigo,MCI,MID,6.5,0.013112598369337387,6,0.002185433061556231,0.0020173228260519055
407,Echeverri,MCI,MID,4.9,0.013112598369337387,6,0.002185433061556231,0.002676040483538242
400,Doku,MCI,MID,7.4,0.013112598369337387,6,0.002185433061556231,0.0017719727526131603
410,Monga,MCI,MID,4.9,0.013112598369337387,6,0.002185433061556231,0.002676040483538242
408,Phillips,MCI,MID,5.0,0.013112598369337387,6,0.002185433061556231,0.0026225196738674772
409,Mukasa,MCI,MID,4.5,0.013112598369337387,6,0.002185433061556231,0.0029139107487416416
