element,web_name,team,pos,price,n_matches,p_start,p_play,p_60,exp_minutes,avail_mult,flag,news
481,Anderson,MCI,MID,6.3,4,0.987,0.987,0.925,82.3,1.0,100% sjanse,
40,Rogers,CHE,MID,7.7,4,0.987,0.987,0.925,86.2,1.0,,
112,Van Hecke,TOT,DEF,4.9,4,0.983,0.983,0.922,88.2,1.0,,
57,Petrović,BOU,GK,4.5,4,0.978,0.978,0.917,88.0,1.0,,
109,Verbruggen,BHA,GK,4.5,4,0.978,0.978,0.917,88.0,1.0,,
250,Leno,FUL,GK,4.5,4,0.978,0.978,0.917,88.0,1.0,,
226,Pickford,EVE,GK,5.5,4,0.978,0.978,0.917,88.0,1.0,,
356,Virgil,LIV,DEF,6.5,4,0.978,0.978,0.917,88.0,1.0,,
61,Truffert,BOU,DEF,5.5,4,0.978,0.978,0.917,87.6,1.0,,
1,Raya,ARS,GK,6.0,4,0.97,0.97,0.91,87.3,1.0,,
82,Kelleher,BRE,GK,5.0,4,0.97,0.97,0.91,87.3,1.0,,
229,Tarkowski,EVE,DEF,6.1,4,0.97,0.97,0.91,87.3,1.0,,
106,Thiago,BRE,FWD,7.9,4,0.97,0.97,0.91,85.3,1.0,,
397,Semenyo,MCI,MID,8.4,4,0.97,0.97,0.91,86.2,1.0,,
384,Donnarumma,MCI,GK,5.5,4,0.968,0.968,0.907,87.1,1.0,,
368,Szoboszlai,LIV,MID,7.0,4,0.962,0.962,0.902,86.6,1.0,,
204,Mitchell,CRY,DEF,4.5,4,0.962,0.962,0.902,81.0,1.0,,
469,N.Williams,NFO,DEF,5.0,4,0.962,0.962,0.902,85.9,1.0,,
388,Guéhi,MCI,DEF,6.0,4,0.955,0.955,0.895,85.9,1.0,,
480,Gibbs-White,NFO,MID,8.0,4,0.955,0.955,0.895,84.9,1.0,100% sjanse,
338,Ampadu,LEE,MID,5.4,4,0.955,0.955,0.895,85.6,1.0,,
426,B.Fernandes,MUN,MID,12.0,4,0.955,0.955,0.895,85.2,1.0,,
529,Roefs,SUN,GK,4.9,4,0.955,0.955,0.895,85.9,1.0,,
13,Rice,ARS,MID,7.4,4,0.955,0.955,0.895,79.0,1.0,,
412,Lammens,MUN,GK,4.9,4,0.951,0.951,0.892,85.6,1.0,,
411,Haaland,MCI,FWD,15.5,4,0.947,0.947,0.888,84.1,1.0,,
69,Scott,BOU,MID,6.1,4,0.947,0.947,0.888,81.6,1.0,,
124,Groß,BHA,MID,5.7,4,0.946,0.946,0.886,85.0,1.0,,
445,Thiaw,NEW,DEF,5.0,4,0.939,0.939,0.881,84.1,1.0,,
542,E.Le Fée,SUN,MID,5.8,4,0.939,0.939,0.881,81.9,1.0,,
545,Sadiki,SUN,MID,4.9,4,0.939,0.939,0.881,81.1,1.0,,
233,Mykolenko,EVE,DEF,4.5,4,0.939,0.939,0.881,84.4,1.0,,
544,Xhaka,SUN,MID,5.5,4,0.932,0.932,0.873,83.5,1.0,,
94,Schade,BRE,MID,6.1,4,0.932,0.932,0.873,80.9,1.0,,
330,Bogle,LEE,DEF,4.5,4,0.932,0.932,0.873,73.1,1.0,,
79,Evanilson,BOU,FWD,6.0,4,0.932,0.932,0.873,77.1,1.0,,
43,Tielemans,MUN,MID,5.8,4,0.932,0.932,0.874,74.8,1.0,100% sjanse,
267,Lukić,IPS,MID,5.0,4,0.929,0.929,0.871,75.5,1.0,,
116,Dunk,BHA,DEF,4.5,4,0.924,0.924,0.866,83.2,1.0,,
68,Tavernier,BOU,MID,6.1,4,0.924,0.924,0.866,80.4,1.0,,
427,Mbeumo,MUN,MID,7.9,4,0.924,0.924,0.866,81.0,1.0,,
202,Richards,CRY,DEF,5.0,4,0.924,0.924,0.866,83.1,1.0,,
346,Calvert-Lewin,LEE,FWD,6.0,4,0.922,0.922,0.865,77.2,1.0,,
67,Rayan,BOU,MID,6.4,4,0.917,0.917,0.86,78.1,1.0,,
467,Sels,NFO,GK,5.0,4,0.916,0.916,0.859,82.0,1.0,,
236,Dewsbury-Hall,EVE,MID,6.5,4,0.916,0.916,0.859,81.3,1.0,,
4,Gabriel,ARS,DEF,8.0,4,0.916,0.916,0.859,82.3,1.0,,
210,Wharton,CRY,MID,5.5,4,0.909,0.909,0.852,77.5,1.0,100% sjanse,
261,Iwobi,FUL,MID,5.4,4,0.909,0.909,0.852,76.5,1.0,,
428,Cunha,MUN,MID,7.9,4,0.909,0.909,0.852,73.1,1.0,,
335,Stach,LEE,MID,6.0,4,0.901,0.901,0.845,78.7,1.0,,
45,McGinn,AVL,MID,5.4,4,0.901,0.901,0.845,75.1,1.0,,
257,Bassey,FUL,DEF,4.5,4,0.901,0.901,0.845,81.1,1.0,,
366,Wirtz,LIV,MID,7.4,4,0.893,0.893,0.837,73.9,1.0,,
259,Diop,IPS,DEF,4.0,4,0.888,0.888,0.832,79.5,1.0,,
127,Gomez,BHA,MID,5.0,4,0.886,0.886,0.83,73.5,1.0,,
350,A.Becker,LIV,GK,5.5,4,0.886,0.886,0.83,79.7,1.0,,
286,Belloumi,HUL,MID,5.1,4,0.879,0.879,0.824,69.7,1.0,,
282,Giles,HUL,DEF,4.0,4,0.879,0.879,0.824,75.9,1.0,,
557,Tzolis,ARS,MID,6.4,4,0.879,0.879,0.824,66.5,1.0,,
486,McAtee,NFO,MID,5.5,4,0.879,0.879,0.824,72.9,1.0,,
567,Horníček,NEW,GK,5.0,4,0.879,0.879,0.824,76.7,1.0,,
593,Dedić,NEW,DEF,4.5,4,0.879,0.879,0.824,71.9,1.0,100% sjanse,
305,Davis,IPS,DEF,4.0,4,0.879,0.879,0.824,76.7,1.0,,
295,McBurnie,HUL,FWD,5.5,4,0.879,0.879,0.824,75.4,1.0,,
572,Tzolakis,HUL,GK,4.6,4,0.879,0.879,0.824,76.7,1.0,,
51,George Hemmings,AVL,MID,4.5,4,0.879,0.879,0.824,64.9,1.0,,
541,Meunier,SUN,DEF,4.5,4,0.879,0.879,0.824,70.6,1.0,100% sjanse,
161,Lavia,CHE,MID,5.0,4,0.879,0.879,0.824,61.8,1.0,,
184,Grimes,COV,MID,4.9,4,0.879,0.879,0.824,75.7,1.0,,
315,Fatawu,IPS,MID,5.5,4,0.879,0.879,0.824,65.9,1.0,,
566,Silva,BOU,DEF,5.0,4,0.879,0.879,0.824,76.7,1.0,,
280,Coyle,HUL,DEF,4.0,4,0.879,0.879,0.824,61.8,1.0,100% sjanse,
551,N.Angulo,SUN,MID,5.0,4,0.879,0.879,0.824,61.2,1.0,,
110,Rushworth,COV,GK,4.5,4,0.879,0.879,0.824,76.7,1.0,,
242,George,EVE,MID,5.5,4,0.879,0.879,0.824,67.7,1.0,,
176,Dasilva,COV,DEF,4.0,4,0.879,0.879,0.824,75.9,1.0,,
175,van Ewijk,COV,DEF,4.0,4,0.879,0.879,0.824,76.7,1.0,,
173,Thomas,COV,DEF,4.0,4,0.879,0.879,0.824,74.8,1.0,,
504,Vuskovic,BHA,DEF,5.0,4,0.879,0.879,0.824,74.8,1.0,,
569,Gonzalo,FUL,FWD,6.0,4,0.879,0.879,0.824,74.7,1.0,,
565,M.Sangaré,BRE,MID,5.7,4,0.879,0.879,0.824,68.0,1.0,,
277,Egan,HUL,DEF,4.1,4,0.879,0.879,0.824,76.7,1.0,,
316,Emersonn,IPS,FWD,5.5,4,0.879,0.879,0.824,58.7,1.0,100% sjanse,
564,Scherpen,IPS,GK,4.5,4,0.879,0.879,0.824,76.7,1.0,,
306,Greaves,IPS,DEF,4.0,4,0.879,0.879,0.824,76.3,1.0,,
304,O'Shea,IPS,DEF,4.0,4,0.879,0.879,0.824,76.7,1.0,,
591,Enciso,IPS,MID,5.5,4,0.879,0.879,0.824,73.8,1.0,100% sjanse,
334,Muharemović,LEE,DEF,5.0,4,0.879,0.879,0.824,76.7,1.0,,
385,Trafford,LEE,GK,5.0,4,0.879,0.879,0.824,76.7,1.0,,
576,Stroud,HUL,MID,5.0,4,0.879,0.879,0.824,60.5,1.0,,
279,Ajayi,HUL,DEF,4.2,4,0.879,0.879,0.824,72.8,1.0,100% sjanse,
290,Slater,HUL,MID,4.5,4,0.879,0.879,0.824,76.7,1.0,,
362,Jacquet,LIV,DEF,5.0,4,0.879,0.879,0.824,71.6,1.0,100% sjanse,
12,Saka,ARS,MID,9.5,4,0.878,0.878,0.823,73.3,1.0,,
472,Murillo,NFO,DEF,5.5,4,0.878,0.878,0.823,77.5,1.0,100% sjanse,
449,Hall,NEW,DEF,5.2,4,0.87,0.87,0.816,77.1,1.0,,
532,Ballard,SUN,DEF,4.9,4,0.87,0.87,0.816,76.0,1.0,,
390,Rúben,MCI,DEF,5.5,4,0.87,0.87,0.816,77.7,1.0,,
154,Palmer,CHE,MID,9.7,4,0.87,0.87,0.816,73.9,1.0,100% sjanse,
552,Brobbey,SUN,FWD,5.8,4,0.868,0.868,0.814,67.5,1.0,,
332,Justin,LEE,DEF,4.5,4,0.856,0.856,0.802,75.8,1.0,,
214,Kamada,CRY,MID,5.0,4,0.855,0.855,0.801,72.9,1.0,,
86,Lewis-Potter,BRE,MID,5.5,4,0.855,0.855,0.801,69.4,1.0,,
60,Hill,BOU,DEF,5.5,4,0.855,0.855,0.801,76.5,1.0,,
8,Calafiori,ARS,DEF,5.8,4,0.855,0.855,0.801,67.8,1.0,,
239,Garner,EVE,MID,6.0,4,0.85,0.878,0.797,69.6,1.0,100% sjanse,
249,Barry,EVE,FWD,5.6,4,0.847,0.847,0.794,67.6,1.0,,
447,Botman,NEW,DEF,5.0,4,0.847,0.847,0.794,74.7,1.0,,
41,Buendía,AVL,MID,5.9,4,0.847,0.847,0.794,63.1,1.0,,
87,Ajer,BRE,DEF,4.5,4,0.839,0.839,0.787,73.7,1.0,,
258,Castagne,FUL,DEF,4.5,4,0.839,0.839,0.787,68.6,1.0,,
453,Barnes,NEW,MID,6.0,4,0.832,0.832,0.78,71.9,1.0,,
418,Maguire,MUN,DEF,4.9,4,0.832,0.832,0.78,73.3,1.0,,
503,Van de Ven,TOT,DEF,5.0,4,0.827,0.827,0.775,73.4,1.0,100% sjanse,
473,Aina,NFO,DEF,4.5,4,0.824,0.824,0.773,66.2,1.0,,
113,F.Kadıoğlu,BHA,DEF,4.4,4,0.819,0.819,0.768,71.2,1.0,100% sjanse,
644,Timber,CRY,MID,5.0,2,0.816,0.816,0.765,66.8,1.0,,
254,Robinson,FUL,DEF,4.5,4,0.816,0.816,0.765,68.7,1.0,,
47,Kamara,AVL,MID,5.0,4,0.816,0.816,0.765,71.3,1.0,100% sjanse,
115,De Cuyper,BHA,DEF,4.9,4,0.816,0.816,0.765,64.3,1.0,,
533,Mukiele,SUN,DEF,5.4,4,0.81,0.81,0.759,71.9,1.0,100% sjanse,
391,Gvardiol,MCI,DEF,5.7,4,0.809,0.809,0.758,68.7,1.0,,
15,Ødegaard,ARS,MID,6.7,4,0.809,0.809,0.758,60.6,1.0,,
28,Martinez,CHE,GK,5.0,4,0.808,0.808,0.757,72.2,1.0,,
98,Janelt,BRE,MID,5.0,4,0.801,0.801,0.751,70.1,1.0,,
268,King,FUL,MID,5.5,4,0.801,0.801,0.751,63.6,1.0,,
459,L.Miley,NEW,MID,5.5,4,0.801,0.801,0.751,64.3,1.0,100% sjanse,
64,Smith,BOU,DEF,4.5,4,0.793,0.793,0.744,67.0,1.0,,
483,Ndoye,NFO,MID,5.5,4,0.793,0.793,0.744,52.9,1.0,,
156,Neto,CHE,MID,6.5,4,0.788,0.828,0.739,63.0,1.0,,
417,Dalot,MUN,DEF,4.9,4,0.781,0.822,0.732,65.9,1.0,,
148,Hato,CHE,DEF,4.5,4,0.778,0.778,0.729,53.4,1.0,,
37,Lindelöf,AVL,DEF,4.5,4,0.777,0.777,0.729,68.1,1.0,,
264,Bobb,FUL,MID,5.5,4,0.77,0.77,0.722,53.2,1.0,,
211,Yeremy,CRY,MID,5.5,4,0.768,0.812,0.72,52.5,1.0,,
265,Berge,FUL,MID,4.9,4,0.766,0.829,0.718,64.5,1.0,,
70,Kluivert,BOU,MID,6.0,4,0.762,0.762,0.715,55.7,1.0,,
88,Kayode,BRE,DEF,4.6,4,0.755,0.833,0.708,59.3,1.0,,
114,Boscagli,BHA,DEF,4.5,4,0.755,0.755,0.708,65.0,1.0,,
379,Isak,LIV,FWD,9.1,4,0.747,0.747,0.7,60.0,1.0,,
26,Havertz,ARS,FWD,7.6,4,0.739,0.739,0.693,58.0,1.0,,
496,Kinsky,TOT,GK,4.5,4,0.739,0.739,0.693,66.5,1.0,,
230,Branthwaite,EVE,DEF,5.5,4,0.739,0.739,0.693,66.1,1.0,,
46,Barkley,AVL,MID,5.0,4,0.739,0.739,0.693,56.2,1.0,,
516,Bentancur,TOT,MID,5.5,4,0.734,0.785,0.689,59.7,1.0,,
32,Cash,AVL,DEF,4.4,4,0.732,0.732,0.686,62.3,1.0,100% sjanse,
401,Marmoush,TOT,FWD,7.0,4,0.726,0.726,0.68,54.9,1.0,,
455,Tonali,TOT,MID,5.4,4,0.725,0.725,0.679,60.9,0.75,75% sjanse,Knock - 75% chance of playing
558,Schlager,NFO,MID,5.0,4,0.724,0.776,0.679,63.8,1.0,,
597,Suzuki,AVL,GK,5.0,4,0.724,0.724,0.679,62.8,1.0,,
183,Rudoni,COV,MID,5.0,4,0.724,0.776,0.679,54.2,1.0,100% sjanse,
166,N.Jackson,AVL,FWD,6.5,4,0.724,0.724,0.679,52.6,1.0,,
377,Munoz,LIV,MID,6.5,4,0.724,0.776,0.679,55.4,1.0,,
429,Rashford,MUN,MID,7.0,4,0.724,0.776,0.679,58.0,1.0,,
7,Lewis-Skelly,ARS,MID,5.5,4,0.724,0.724,0.679,53.5,1.0,,
588,Khalaili,CRY,DEF,5.0,4,0.724,0.776,0.679,61.5,1.0,,
138,Kostoulas,BHA,FWD,5.5,4,0.724,0.776,0.679,61.2,1.0,,
186,Mason-Clark,COV,MID,5.4,4,0.724,0.724,0.679,50.7,1.0,100% sjanse,
605,Yalcouyé,BHA,MID,4.5,4,0.724,0.776,0.679,57.6,1.0,,
464,Wissa,NEW,FWD,6.2,4,0.716,0.716,0.672,58.7,1.0,,
367,Gakpo,LIV,MID,7.2,4,0.716,0.807,0.672,61.0,1.0,100% sjanse,
145,Fofana,CHE,DEF,5.0,4,0.711,0.711,0.667,57.1,1.0,100% sjanse,
200,Lacroix,CHE,DEF,6.0,4,0.707,0.8,0.663,64.8,1.0,,
336,Okafor,LEE,MID,5.8,4,0.707,0.763,0.663,49.6,1.0,,
144,Gusto,CHE,DEF,5.0,4,0.704,0.784,0.66,58.0,1.0,,
399,Cherki,MCI,MID,7.8,4,0.704,0.76,0.66,49.6,1.0,,
237,Ndiaye,MCI,MID,5.9,4,0.697,0.793,0.654,63.1,1.0,,
104,Onyeka,COV,MID,4.9,4,0.695,0.695,0.651,53.9,1.0,100% sjanse,
165,João Pedro,CHE,FWD,7.8,4,0.693,0.693,0.65,60.5,0.75,75% sjanse,Unspecified injury - 75% chance of playing
142,James,CHE,DEF,5.4,4,0.687,0.758,0.644,62.1,1.0,,
129,Ayari,BHA,MID,5.4,4,0.687,0.687,0.644,57.1,1.0,100% sjanse,
432,Mainoo,MUN,MID,5.5,4,0.681,0.741,0.638,59.6,1.0,,
358,Kerkez,LIV,DEF,5.4,4,0.678,0.78,0.635,57.3,1.0,,
502,Robertson,TOT,DEF,4.4,4,0.669,0.757,0.627,56.0,1.0,,
149,Colwill,CHE,DEF,4.9,4,0.66,0.66,0.619,54.8,1.0,,
419,Martinez,MUN,DEF,5.0,4,0.657,0.657,0.616,58.4,1.0,100% sjanse,
331,Gudmundsson,LEE,DEF,4.5,4,0.644,0.644,0.603,53.2,1.0,100% sjanse,
522,Gray,TOT,MID,4.9,4,0.643,0.643,0.603,50.5,1.0,,
619,Palacios,IPS,MID,5.0,3,0.639,0.739,0.599,54.7,1.0,,
155,Enzo,MCI,MID,6.9,4,0.625,0.696,0.586,53.2,1.0,,
31,Konsa,ARS,DEF,4.5,4,0.622,0.707,0.583,57.3,1.0,,
562,Maeda,IPS,MID,5.4,4,0.618,0.74,0.58,49.2,1.0,,
570,Palacios,FUL,MID,5.4,4,0.618,0.618,0.58,45.9,1.0,,
371,Gravenberch,LIV,MID,5.9,4,0.614,0.804,0.575,50.8,1.0,,
253,Andersen,FUL,DEF,5.0,4,0.596,0.596,0.559,52.8,1.0,100% sjanse,
203,Canvot,CRY,DEF,4.9,4,0.587,0.587,0.55,52.2,1.0,,
393,Khusanov,MCI,DEF,5.4,4,0.586,0.586,0.549,51.2,1.0,,
372,Mac Allister,LIV,MID,5.4,4,0.581,0.793,0.544,50.7,1.0,,
105,Anthony,BRE,MID,5.9,4,0.578,0.771,0.542,44.5,1.0,,
222,Strand Larsen,CRY,FWD,6.0,4,0.576,0.77,0.54,46.7,1.0,,
423,Shaw,MUN,DEF,4.4,4,0.572,0.572,0.536,48.2,0.75,75% sjanse,Unspecified injury - 75% chance of playing
209,Johnson,EVE,MID,5.9,4,0.571,0.748,0.535,45.0,1.0,,
514,Tel,TOT,MID,5.8,4,0.57,0.707,0.535,46.5,1.0,,
73,Adams,BOU,MID,5.0,4,0.567,0.746,0.531,47.8,1.0,100% sjanse,
10,White,ARS,DEF,5.5,4,0.566,0.566,0.531,43.2,0.75,75% sjanse,Muscular injury - 75% chance of playing
501,Danso,SUN,DEF,5.0,4,0.564,0.564,0.528,49.3,1.0,,
534,Hume,SUN,DEF,4.4,4,0.551,0.671,0.516,49.3,1.0,,
244,Armstrong,EVE,MID,5.0,4,0.549,0.549,0.514,46.0,0.75,75% sjanse,Unspecified injury - 75% chance of playing
167,Delap,NFO,FWD,5.5,4,0.547,0.649,0.512,42.6,1.0,,
519,Gallagher,TOT,MID,5.4,4,0.542,0.542,0.508,39.2,1.0,,
580,Charles,FUL,MID,5.0,4,0.54,0.73,0.506,48.3,1.0,,
91,Pinnock,COV,DEF,4.5,4,0.54,0.643,0.506,48.3,1.0,,
579,Araujo,LIV,DEF,5.4,4,0.54,0.73,0.506,47.4,1.0,,
598,Elvedi,LEE,DEF,4.5,4,0.54,0.643,0.506,48.3,1.0,,
201,Muñoz,NFO,DEF,5.4,4,0.537,0.661,0.504,43.8,1.0,,
403,Sávio,TOT,MID,6.5,4,0.53,0.53,0.497,40.6,1.0,100% sjanse,
96,Damsgaard,BRE,MID,5.5,4,0.527,0.767,0.494,45.1,1.0,,
337,Aaronson,LEE,MID,5.4,4,0.52,0.801,0.487,41.5,1.0,,
345,Tanaka,LEE,MID,4.9,4,0.513,0.622,0.481,39.6,1.0,,
387,O'Reilly,MCI,DEF,6.4,4,0.512,0.667,0.48,44.2,1.0,100% sjanse,
95,O.Dango,BRE,MID,6.3,4,0.51,0.776,0.478,40.5,1.0,,
525,Fernandes,TOT,MID,5.8,4,0.505,0.731,0.474,44.0,1.0,,
491,Igor Jesus,NFO,FWD,5.8,4,0.504,0.795,0.473,46.8,1.0,,
634,Fernandez-Pardo,NEW,FWD,6.0,2,0.486,0.721,0.455,40.1,1.0,,
627,Barcola,LIV,MID,8.0,2,0.486,0.721,0.455,42.3,1.0,,
649,Maitland-Niles,EVE,DEF,4.5,2,0.486,0.721,0.455,42.8,1.0,,
633,Ahanor,CRY,DEF,4.5,2,0.486,0.486,0.455,41.1,1.0,,
650,Affengruber,FUL,DEF,4.5,2,0.486,0.486,0.455,41.1,1.0,,
34,Pau,AVL,DEF,4.5,4,0.482,0.482,0.452,35.0,0.75,75% sjanse,Hamstring injury - 75% chance of playing
289,Crooks,HUL,MID,4.5,4,0.476,0.476,0.446,38.3,1.0,100% sjanse,
389,Matheus N.,MCI,DEF,5.9,4,0.47,0.57,0.441,43.3,1.0,100% sjanse,
415,Dorgu,MUN,MID,5.8,4,0.468,0.73,0.438,40.2,1.0,,
224,Nketiah,CRY,FWD,5.5,4,0.464,0.464,0.435,30.7,0.75,75% sjanse,Unspecified injury - 75% chance of playing
102,Yarmoliuk,BRE,MID,4.8,4,0.455,0.827,0.426,40.8,1.0,,
327,Bijol,LEE,DEF,5.0,4,0.451,0.598,0.422,37.1,1.0,,
499,Pedro Porro,TOT,DEF,5.5,4,0.441,0.441,0.414,38.8,0.75,75% sjanse,Unspecified injury - 75% chance of playing
586,Mendy,HUL,DEF,4.1,4,0.439,0.439,0.412,30.2,0.5,50% sjanse,Concussion - 50% chance of playing
182,Amenda,COV,DEF,4.0,4,0.439,0.439,0.412,38.4,0.5,50% sjanse,Calf injury - 50% chance of playing
611,Wan-Bissaka,AVL,DEF,4.5,3,0.424,0.774,0.397,43.8,1.0,,
460,Willock,NEW,MID,5.0,4,0.419,0.714,0.393,34.0,1.0,,
190,Tchaouna,COV,MID,5.4,4,0.406,0.565,0.381,31.5,1.0,,
575,Yirenkyi,COV,MID,4.9,4,0.4,0.751,0.375,35.9,1.0,,
309,Núñez,IPS,MID,4.9,4,0.4,0.4,0.375,30.4,1.0,,
246,Röhl,EVE,MID,4.9,4,0.39,0.39,0.366,32.4,0.75,75% sjanse,Unspecified injury - 75% chance of playing
357,Frimpong,LIV,DEF,5.4,4,0.381,0.578,0.358,33.1,1.0,,
151,Acheampong,CHE,DEF,4.5,4,0.379,0.519,0.356,33.1,1.0,,
405,N.Gonzalez,NEW,MID,5.5,4,0.378,0.378,0.355,24.6,0.5,50% sjanse,Concussion - 50% chance of playing
457,J.Murphy,NEW,MID,5.9,4,0.37,0.8,0.347,31.9,1.0,,
71,Cook,BOU,MID,5.0,4,0.351,0.731,0.329,35.3,1.0,,
488,I.Sangaré,NFO,MID,4.9,4,0.329,0.543,0.308,31.7,1.0,100% sjanse,
93,Schuster,BRE,DEF,4.5,4,0.321,0.503,0.301,30.5,1.0,,
313,Clarke,IPS,MID,5.4,4,0.321,0.631,0.301,29.9,1.0,,
364,Tsimikas,LIV,DEF,4.9,4,0.321,0.474,0.301,25.2,1.0,,
199,Benitez,CRY,GK,4.5,4,0.321,0.321,0.301,27.2,1.0,,
581,Diomande,NFO,DEF,5.4,4,0.321,0.503,0.301,30.5,1.0,,
526,Solanke,TOT,FWD,5.8,4,0.309,0.78,0.289,32.0,1.0,,
33,Mings,AVL,DEF,4.5,4,0.305,0.658,0.286,33.1,1.0,,
506,Udogie,TOT,DEF,4.4,4,0.297,0.588,0.279,27.8,1.0,100% sjanse,
498,Senesi,TOT,DEF,5.8,4,0.292,0.292,0.274,26.1,1.0,,
125,Georginio,BHA,FWD,5.4,4,0.291,0.291,0.272,23.8,1.0,100% sjanse,
90,Hickey,BRE,DEF,4.5,4,0.286,0.773,0.268,28.5,1.0,,
589,Gourna-Douath,HUL,MID,5.0,4,0.28,0.442,0.262,25.8,1.0,,
232,O'Brien,EVE,DEF,4.9,4,0.278,0.508,0.261,28.3,1.0,,
260,Wilson,LEE,MID,6.3,4,0.275,0.863,0.258,31.5,1.0,,
19,Zubimendi,ARS,MID,5.3,4,0.27,1.0,0.253,36.1,1.0,,
474,Jair Cunha,NFO,DEF,4.5,4,0.258,0.258,0.242,21.3,0.5,50% sjanse,Hamstring injury - 50% chance of playing
535,Alderete,SUN,DEF,4.9,4,0.255,0.396,0.239,24.6,1.0,100% sjanse,
577,Tomiyasu,CRY,DEF,4.4,4,0.245,0.628,0.23,26.3,1.0,,
231,Keane,EVE,DEF,4.8,4,0.232,0.232,0.217,20.6,1.0,,
5,J.Timber,ARS,DEF,6.5,4,0.224,0.471,0.21,23.6,1.0,100% sjanse,
520,Bergvall,TOT,MID,5.4,4,0.221,0.469,0.208,17.6,1.0,,
255,J.Cuenca,FUL,DEF,4.5,4,0.221,0.221,0.208,19.0,1.0,,
422,Mazraoui,MUN,DEF,4.4,4,0.221,0.605,0.208,23.4,1.0,,
421,Heaven,MUN,DEF,4.4,4,0.221,0.221,0.208,18.4,1.0,,
195,Simms,COV,FWD,5.0,4,0.216,0.425,0.202,20.6,1.0,,
194,Thomas-Asante,COV,FWD,5.0,4,0.216,0.852,0.202,28.4,1.0,,
247,Hackney,EVE,MID,5.5,4,0.216,0.852,0.202,29.0,1.0,100% sjanse,
442,Pope,NEW,GK,4.9,4,0.216,0.216,0.203,19.4,1.0,,
462,Steur,NEW,MID,4.9,4,0.216,0.852,0.202,27.4,1.0,,
395,Lewis,MCI,DEF,4.4,4,0.216,0.216,0.202,15.8,1.0,,
241,McNeil,CRY,MID,5.4,4,0.214,0.391,0.2,18.5,1.0,,
162,Andrey Santos,MUN,MID,4.8,4,0.21,0.599,0.197,21.7,1.0,,
25,Gyökeres,ARS,FWD,7.2,4,0.209,0.42,0.196,19.7,1.0,,
36,Maatsen,AVL,DEF,4.5,4,0.204,0.204,0.191,16.9,0.25,25% sjanse,Ankle injury - 25% chance of playing
11,Mosquera,ARS,DEF,5.3,4,0.179,0.179,0.168,14.2,0.5,50% sjanse,Muscular injury - 50% chance of playing
14,Eze,ARS,MID,6.3,4,0.178,0.78,0.167,24.2,1.0,,
262,Smith Rowe,FUL,MID,5.4,4,0.178,0.844,0.167,25.2,1.0,,
9,Hincapie,ARS,DEF,5.3,4,0.175,0.552,0.164,21.8,1.0,,
369,Ngumoha,LIV,MID,5.8,4,0.175,0.623,0.164,20.2,1.0,,
539,O'Nien,SUN,DEF,4.0,4,0.175,0.175,0.164,14.4,1.0,,
256,Tete,FUL,DEF,4.4,4,0.17,0.434,0.16,19.3,1.0,,
482,Hudson-Odoi,NFO,MID,5.8,4,0.17,0.357,0.16,16.1,1.0,100% sjanse,
54,Gomes,AVL,MID,5.5,4,0.162,0.162,0.152,10.9,0.75,75% sjanse,Calf injury - 75% chance of playing
212,Hughes,CRY,MID,4.4,4,0.155,0.65,0.145,20.3,1.0,,
512,Kudus,TOT,MID,6.5,4,0.155,0.84,0.145,25.0,1.0,100% sjanse,
213,Lerma,CRY,MID,4.9,4,0.147,0.419,0.138,17.2,1.0,,
238,Grealish,EVE,MID,6.5,4,0.147,0.808,0.138,25.1,1.0,100% sjanse,
420,Yoro,MUN,DEF,4.9,4,0.147,0.567,0.138,19.7,1.0,,
439,Šeško,MUN,FWD,7.0,4,0.139,1.0,0.131,26.7,1.0,100% sjanse,
487,Dominguez,NFO,MID,4.9,4,0.139,0.333,0.131,11.9,1.0,,
659,Miley,NEW,MID,4.5,1,0.137,0.137,0.129,11.3,1.0,,
658,Ibrahim,BHA,MID,4.5,1,0.137,0.137,0.129,11.3,1.0,,
655,Gboho,COV,MID,5.5,1,0.137,0.137,0.129,11.3,1.0,,
656,Mfuni,COV,DEF,4.0,1,0.137,0.137,0.129,11.3,1.0,,
657,Nunes,BRE,MID,4.5,1,0.137,0.137,0.129,11.3,1.0,,
29,M.Bizot,AVL,GK,4.5,4,0.137,0.137,0.129,12.3,0.75,75% sjanse,Back injury - 75% chance of playing
549,Talbi,SUN,MID,5.3,4,0.132,0.296,0.123,13.3,1.0,,
16,Madueke,ARS,MID,6.2,4,0.132,0.528,0.123,15.7,1.0,,
620,Diouf,BRE,DEF,4.5,3,0.127,0.469,0.119,17.4,1.0,,
62,Diakité,BOU,DEF,5.0,4,0.124,0.124,0.116,10.4,1.0,,
497,Dubravka,TOT,GK,4.0,4,0.123,0.123,0.115,11.1,1.0,,
269,Sessegnon,FUL,DEF,4.4,4,0.122,0.55,0.114,18.1,0.75,75% sjanse,Groin injury - 75% chance of playing
640,Flemming,IPS,FWD,5.5,2,0.117,1.0,0.11,25.4,1.0,,
328,Struijk,BHA,DEF,4.9,4,0.116,0.634,0.109,19.8,1.0,100% sjanse,
450,Livramento,NEW,DEF,4.9,4,0.116,0.634,0.109,19.7,1.0,100% sjanse,
89,Henry,BRE,DEF,4.4,4,0.116,0.315,0.109,12.9,1.0,,
74,Brooks,BOU,MID,5.0,4,0.109,0.831,0.102,20.5,1.0,100% sjanse,
430,Mount,MUN,MID,5.4,4,0.101,0.101,0.095,7.1,1.0,100% sjanse,
157,Estêvão,CHE,MID,6.3,4,0.101,0.798,0.095,18.2,1.0,,
392,Aït-Nouri,MCI,DEF,5.3,4,0.101,0.101,0.095,7.7,1.0,,
208,Sarr,CRY,MID,6.2,4,0.097,0.097,0.091,8.2,0.5,50% sjanse,Groin injury - 50% chance of playing
571,Florentino,IPS,MID,4.9,4,0.096,0.384,0.09,12.9,1.0,100% sjanse,
452,Bruno G.,ARS,MID,6.7,4,0.096,0.587,0.09,17.4,1.0,100% sjanse,
548,Rigg,SUN,MID,4.9,4,0.093,0.469,0.087,12.9,1.0,,
553,Isidor,SUN,FWD,5.5,4,0.093,1.0,0.087,23.2,1.0,,
446,Schär,NEW,DEF,4.9,4,0.093,0.265,0.087,11.3,1.0,100% sjanse,
490,Wood,NFO,FWD,5.8,4,0.093,0.796,0.087,19.7,1.0,,
35,Bogarde,AVL,MID,5.0,4,0.093,0.265,0.087,10.5,1.0,,
646,Fofana,SUN,MID,5.5,2,0.092,1.0,0.086,24.1,1.0,,
647,Osorio,CRY,MID,5.5,2,0.092,0.507,0.086,15.1,1.0,,
645,Mouzakitis,HUL,MID,5.0,2,0.092,0.092,0.086,7.5,1.0,,
651,J.Angulo,SUN,FWD,4.5,2,0.092,0.092,0.086,7.5,1.0,,
654,Graham,EVE,MID,4.5,2,0.092,0.092,0.086,7.5,1.0,,
631,Mbaye,AVL,MID,6.0,2,0.092,0.585,0.086,16.6,1.0,,
636,Ángel,FUL,MID,5.0,2,0.092,0.092,0.086,7.5,1.0,,
635,Larsson,FUL,MID,5.0,2,0.092,1.0,0.086,24.1,1.0,,
643,Chilwell,CRY,DEF,4.5,2,0.092,1.0,0.086,24.1,1.0,,
136,Welbeck,CHE,FWD,5.9,4,0.092,0.624,0.087,17.0,1.0,100% sjanse,
653,Samba,MCI,MID,4.5,2,0.092,0.092,0.086,7.5,1.0,,
628,Allan,MCI,MID,6.0,2,0.092,0.092,0.086,7.5,1.0,,
638,Norton-Cuffy,HUL,DEF,4.0,2,0.092,1.0,0.086,24.1,1.0,,
641,Bard,LEE,DEF,4.5,2,0.092,0.585,0.086,16.6,1.0,,
629,Zetterer,LEE,GK,4.0,2,0.092,0.092,0.086,7.5,1.0,,
648,Bahoya,LEE,MID,5.0,2,0.092,0.092,0.086,7.5,1.0,,
630,Harwood-Bellis,AVL,DEF,4.5,2,0.092,0.092,0.086,7.5,1.0,,
642,Thomas,HUL,MID,5.5,2,0.092,1.0,0.086,24.1,1.0,,
637,Vaz,HUL,FWD,5.0,2,0.092,0.585,0.086,16.6,1.0,,
639,Andrés,BHA,MID,5.5,2,0.092,0.585,0.086,16.6,1.0,,
271,Muniz,FUL,FWD,5.4,4,0.086,0.794,0.08,19.3,1.0,,
17,Merino,ARS,MID,5.8,4,0.086,1.0,0.08,23.3,1.0,,
351,Mamardashvili,LIV,GK,4.9,4,0.086,0.086,0.08,7.4,1.0,,
347,Nmecha,LEE,FWD,5.4,4,0.086,0.827,0.08,19.6,1.0,,
339,Longstaff,LEE,MID,4.9,4,0.086,0.55,0.08,15.7,1.0,,
263,Kevin,FUL,MID,5.3,4,0.084,0.755,0.079,17.9,1.0,,
325,Darlow,MUN,GK,4.5,4,0.079,0.079,0.074,7.1,1.0,100% sjanse,
75,Christie,BOU,MID,5.0,4,0.078,0.826,0.073,18.7,1.0,100% sjanse,
42,Guessand,CRY,MID,5.5,4,0.078,0.46,0.073,12.3,1.0,,
617,Cho,HUL,MID,5.0,3,0.072,1.0,0.067,22.8,1.0,,
614,Hadjam,BHA,DEF,4.5,3,0.072,0.072,0.067,5.9,1.0,,
626,Zepa,FUL,MID,4.5,3,0.072,0.072,0.067,5.9,1.0,,
612,Methalie,SUN,DEF,4.5,3,0.072,0.072,0.067,5.9,1.0,100% sjanse,
613,Ahoka,SUN,MID,4.5,3,0.072,0.072,0.067,5.9,1.0,,
625,Cairns,LEE,GK,4.0,3,0.072,0.072,0.067,5.9,1.0,,
616,Bouaddi,MCI,MID,5.5,3,0.072,0.636,0.067,16.2,1.0,,
621,McAidoo,MCI,MID,4.5,3,0.072,0.636,0.067,16.2,1.0,,
623,Bentley,COV,GK,4.0,3,0.072,0.072,0.067,5.9,1.0,,
615,Di Gregorio,BOU,GK,4.5,3,0.072,0.072,0.067,5.9,1.0,,
622,Braithwaite,MCI,DEF,4.0,3,0.072,0.329,0.067,10.6,1.0,,
652,Azeez,BHA,MID,5.5,2,0.069,0.069,0.065,5.7,0.75,75% sjanse,Hamstring injury - 75% chance of playing
359,Gomez,LIV,DEF,4.9,4,0.062,0.062,0.059,4.0,1.0,100% sjanse,
240,Iroegbunam,HUL,MID,5.0,4,0.062,0.571,0.058,14.2,1.0,100% sjanse,
292,Ömür,HUL,MID,4.9,4,0.061,0.061,0.057,5.0,1.0,,
294,Zambrano,HUL,MID,4.5,4,0.061,0.061,0.057,5.0,1.0,100% sjanse,
340,Gelhardt,HUL,MID,5.0,4,0.061,0.061,0.057,5.0,1.0,100% sjanse,
556,Targett,HUL,DEF,4.0,4,0.061,0.239,0.057,8.2,1.0,,
574,Hjertø-Dahl,HUL,MID,4.9,4,0.061,0.312,0.057,9.6,1.0,,
585,Herrington,HUL,DEF,4.0,4,0.061,1.0,0.057,22.1,1.0,,
443,Gillespie,NEW,GK,4.5,4,0.061,0.061,0.057,5.0,1.0,,
461,Touré,NEW,MID,5.8,4,0.061,0.571,0.057,14.3,1.0,,
270,Reed,FUL,MID,4.4,4,0.061,0.061,0.057,5.0,1.0,,
272,Kusi-Asare,FUL,FWD,4.5,4,0.061,0.061,0.057,5.0,1.0,,
251,Lecomte,FUL,GK,4.0,4,0.061,0.061,0.057,5.0,1.0,,
117,Coppola,BHA,DEF,4.5,4,0.061,0.061,0.057,5.0,1.0,,
284,McCarthy,HUL,DEF,4.0,4,0.061,0.061,0.057,5.0,1.0,,
111,Steele,BHA,GK,4.0,4,0.061,0.061,0.057,5.0,1.0,,
273,Phillips,HUL,GK,4.0,4,0.061,0.061,0.057,5.0,1.0,,
221,Drakes-Thomas,CRY,MID,4.5,4,0.061,0.061,0.057,5.0,1.0,,
515,Maddison,TOT,MID,6.3,4,0.061,0.537,0.057,13.7,1.0,100% sjanse,
550,Jocelin.T,SUN,MID,5.0,4,0.061,0.061,0.057,5.0,1.0,,
590,Benda,NFO,GK,4.5,4,0.061,0.061,0.057,5.0,1.0,,
510,Rowswell,TOT,DEF,4.0,4,0.061,0.061,0.057,5.0,1.0,,
218,Doucouré,CRY,MID,4.9,4,0.061,0.061,0.057,5.0,1.0,,
508,Davies,TOT,DEF,4.0,4,0.061,0.061,0.057,5.0,1.0,,
509,Byfield,TOT,DEF,4.0,4,0.061,0.061,0.057,5.0,1.0,,
495,Austin,TOT,GK,4.0,4,0.061,0.061,0.057,5.0,1.0,,
207,Mingueza,CRY,DEF,4.4,4,0.061,0.523,0.057,13.4,1.0,,
600,Osman,BHA,MID,5.0,4,0.061,0.749,0.057,17.5,1.0,,
594,David,BHA,FWD,6.0,4,0.061,0.523,0.057,13.4,1.0,,
164,Quenda,CHE,MID,5.3,4,0.061,0.239,0.057,8.2,1.0,100% sjanse,
3,Meslier,ARS,GK,4.9,4,0.061,0.061,0.057,5.0,1.0,,
2,Arrizabalaga,ARS,GK,4.9,4,0.061,0.061,0.057,5.0,1.0,,
169,Mheuka,CHE,FWD,4.5,4,0.061,0.061,0.057,5.0,1.0,,
126,O'Riley,BHA,MID,5.4,4,0.061,0.36,0.057,10.4,1.0,,
134,Oriola,BHA,MID,4.5,4,0.061,0.061,0.057,5.0,1.0,,
38,A.García,AVL,DEF,4.0,4,0.061,0.061,0.057,5.0,1.0,,
119,Costinha,BHA,DEF,4.5,4,0.061,1.0,0.057,22.1,1.0,,
227,Travers,EVE,GK,5.0,4,0.061,0.061,0.057,5.0,1.0,,
493,Kalimuendo,NFO,FWD,5.4,4,0.061,0.239,0.057,8.2,1.0,,
476,O.Richards,NFO,DEF,4.0,4,0.061,0.061,0.057,5.0,1.0,,
478,Netz,NFO,DEF,4.4,4,0.061,0.45,0.057,12.1,1.0,,
120,Svoboda,BHA,DEF,5.0,4,0.061,0.061,0.057,5.0,1.0,,
50,Burrowes,AVL,MID,4.5,4,0.061,0.061,0.057,5.0,1.0,,
468,John,NFO,GK,4.5,4,0.061,0.061,0.057,5.0,1.0,,
559,Bamba,NEW,MID,4.9,4,0.061,0.537,0.057,13.7,1.0,,
595,Gozo,CRY,MID,5.0,4,0.061,0.571,0.057,14.3,1.0,,
555,Matthews,CRY,GK,4.0,4,0.061,0.061,0.057,5.0,1.0,,
245,Dibling,EVE,MID,5.4,4,0.061,0.061,0.057,5.0,1.0,,
228,King,EVE,GK,4.5,4,0.061,0.061,0.057,5.0,1.0,,
288,Dowell,HUL,MID,4.5,4,0.061,0.061,0.057,5.0,1.0,,
310,Matusiwa,IPS,MID,4.9,4,0.061,0.061,0.057,5.0,1.0,100% sjanse,
320,Akpom,IPS,FWD,5.0,4,0.061,0.45,0.057,12.1,1.0,,
324,Mehmeti,IPS,MID,4.9,4,0.061,0.061,0.057,5.0,1.0,,
592,Ouattara,IPS,DEF,4.0,4,0.061,1.0,0.057,22.1,1.0,,
321,Walle Egeli,IPS,FWD,4.5,4,0.061,0.239,0.057,8.2,1.0,,
318,Philogene,IPS,MID,5.4,4,0.061,0.36,0.057,10.4,1.0,100% sjanse,
424,Amass,MUN,DEF,4.0,4,0.061,0.061,0.057,5.0,1.0,,
100,Carvalho,BRE,MID,5.0,4,0.061,0.061,0.057,5.0,1.0,100% sjanse,
308,Furlong,IPS,DEF,4.0,4,0.061,0.272,0.057,8.8,1.0,,
584,Hamer,COV,MID,5.4,4,0.061,0.701,0.057,16.7,1.0,,
599,Cherif,COV,FWD,5.0,4,0.061,0.36,0.057,10.4,1.0,,
323,McAteer,IPS,MID,4.5,4,0.061,0.701,0.057,16.7,1.0,,
437,Bendito Mantato,MUN,MID,4.5,4,0.061,0.061,0.057,5.0,1.0,,
435,Lacey,MUN,MID,4.9,4,0.061,0.239,0.057,8.2,1.0,,
434,J.Fletcher,MUN,MID,4.9,4,0.061,0.061,0.057,5.0,1.0,,
302,Button,IPS,GK,4.0,4,0.061,0.061,0.057,5.0,1.0,,
303,Kipré,IPS,DEF,3.9,4,0.061,0.061,0.057,5.0,1.0,,
172,Wilson,COV,GK,4.4,4,0.061,0.061,0.057,5.0,1.0,,
92,Ji-soo,BRE,DEF,4.5,4,0.061,0.061,0.057,5.0,1.0,,
596,Ruggeri,AVL,DEF,4.5,4,0.061,0.49,0.057,12.8,1.0,,
56,Abraham,AVL,FWD,5.5,4,0.061,0.822,0.057,18.9,1.0,100% sjanse,
53,Manzambi,AVL,MID,5.9,4,0.061,0.36,0.057,10.4,1.0,100% sjanse,
52,Alysson,AVL,MID,5.0,4,0.061,1.0,0.057,22.1,1.0,,
285,McNair,HUL,DEF,4.0,4,0.061,0.239,0.057,8.2,1.0,100% sjanse,
606,Rowe,AVL,DEF,4.0,4,0.061,0.061,0.057,5.0,1.0,,
300,Walton,IPS,GK,4.4,4,0.061,0.061,0.057,5.0,1.0,,
301,Palmer,IPS,GK,4.0,4,0.061,0.061,0.057,5.0,1.0,,
438,Fletcher,MUN,MID,4.4,4,0.061,0.061,0.057,5.0,1.0,,
381,Koumas,LIV,MID,5.0,4,0.061,0.49,0.057,12.8,1.0,,
58,Forster,BOU,GK,4.0,4,0.061,0.061,0.057,5.0,1.0,,
66,Soler,BOU,DEF,4.0,4,0.061,0.061,0.057,5.0,1.0,100% sjanse,
361,Lucky,LIV,DEF,4.0,4,0.061,0.061,0.057,5.0,1.0,,
603,Lienou,LEE,DEF,4.0,4,0.061,0.061,0.057,5.0,1.0,,
604,Cresswell,LEE,MID,4.5,4,0.061,0.061,0.057,5.0,1.0,,
352,Woodman,LIV,GK,4.0,4,0.061,0.061,0.057,5.0,1.0,,
355,Davies,LIV,GK,4.0,4,0.061,0.061,0.057,5.0,1.0,,
76,Tóth.A,BOU,MID,4.9,4,0.061,0.239,0.057,8.2,1.0,,
382,Danns,LIV,FWD,4.5,4,0.061,0.061,0.057,5.0,1.0,100% sjanse,
406,Kovačić,MCI,MID,5.4,4,0.061,0.45,0.057,12.1,1.0,,
386,Bettinelli,MCI,GK,4.5,4,0.061,0.061,0.057,5.0,1.0,,
396,Vitor Reis,MCI,DEF,4.5,4,0.061,0.272,0.057,8.8,1.0,,
587,Rulli,MCI,GK,5.0,4,0.061,0.061,0.057,5.0,1.0,,
72,Gannon-Doak,BOU,MID,4.9,4,0.061,0.789,0.057,18.3,1.0,,
573,Sanchez,BOU,DEF,4.4,4,0.061,0.061,0.057,5.0,1.0,,
81,Rodríguez,BOU,FWD,6.0,4,0.061,0.571,0.057,14.3,1.0,100% sjanse,
83,Valdimarsson,BRE,GK,4.5,4,0.061,0.061,0.057,5.0,1.0,,
608,Jebbison,BOU,FWD,5.0,4,0.061,0.49,0.057,12.8,1.0,,
375,Nyoni,LIV,MID,4.9,4,0.061,0.523,0.057,13.4,1.0,,
374,Endo,LIV,MID,4.9,4,0.061,0.061,0.057,5.0,1.0,100% sjanse,
178,Bidwell,COV,DEF,4.0,4,0.061,0.061,0.057,5.0,1.0,,
378,McConnell,LIV,MID,4.4,4,0.061,0.061,0.057,5.0,1.0,,
179,Latibeaudiere,COV,DEF,4.0,4,0.061,0.061,0.057,5.0,1.0,,
185,Sakamoto,COV,MID,4.9,4,0.061,0.272,0.057,8.8,1.0,,
189,Shepherd,COV,MID,4.5,4,0.061,0.061,0.057,5.0,1.0,,
188,Torp,COV,MID,5.4,4,0.061,0.749,0.057,17.5,1.0,,
560,Penders,CHE,GK,4.4,4,0.061,0.061,0.057,5.0,1.0,,
561,Anselmino,CHE,DEF,4.5,4,0.061,0.061,0.057,5.0,1.0,100% sjanse,
568,Barco,CHE,MID,5.4,4,0.061,0.571,0.057,14.3,1.0,,
583,Chavarria,CHE,DEF,4.9,4,0.061,1.0,0.057,22.1,1.0,,
524,Olusesi,TOT,MID,4.4,4,0.061,0.061,0.057,5.0,1.0,,
20,Dowman,ARS,MID,5.3,4,0.061,0.061,0.057,5.0,1.0,,
531,Ellborg,SUN,GK,4.5,4,0.061,0.061,0.057,5.0,1.0,,
601,Williams-Barnett,TOT,MID,4.5,4,0.061,0.061,0.057,5.0,1.0,,
343,James,LEE,MID,4.9,4,0.055,0.568,0.051,12.7,1.0,,
243,Alcaraz,EVE,MID,4.9,4,0.055,0.446,0.051,11.2,1.0,,
160,Garnacho,AVL,MID,5.8,4,0.052,0.698,0.048,15.3,1.0,,
158,Gittens,CHE,MID,5.9,4,0.047,0.047,0.044,2.7,1.0,,
440,Zirkzee,MUN,FWD,5.4,4,0.047,0.35,0.044,9.0,1.0,,
108,Wilson,BRE,FWD,5.5,4,0.041,0.695,0.039,14.8,1.0,,
147,Tosin,TOT,DEF,4.4,4,0.031,0.339,0.029,8.1,1.0,,
456,J.Ramsey,NEW,MID,4.9,4,0.031,0.18,0.029,5.1,0.25,25% sjanse,Thigh injury - 25% chance of playing
344,Gruev,LEE,MID,5.0,4,0.031,0.031,0.029,2.5,0.25,25% sjanse,Knee injury - 25% chance of playing
444,Jaouen,NEW,GK,4.5,4,0.03,0.03,0.029,2.5,0.5,50% sjanse,Ankle injury - 50% chance of playing
489,Yates,NFO,MID,4.5,4,0.024,0.024,0.023,1.8,1.0,100% sjanse,
22,Nwaneri,ARS,MID,5.4,4,0.0,0.0,0.0,0.0,0.0,status=u,Has joined Borussia Dortmund on loan for the rest of the season
24,Nelson,ARS,MID,5.5,4,0.0,0.0,0.0,0.0,0.0,status=u,has departed the club as a free agent.
23,Fábio Vieira,ARS,MID,5.5,4,0.0,0.0,0.0,0.0,0.0,status=u,Has joined Hamburger SV permanently
370,Chiesa,LIV,MID,5.4,4,0.0,0.0,0.0,0.0,0.0,status=i,Back injury - Unknown return date
373,C.Jones,LIV,MID,5.5,4,0.0,0.0,0.0,0.0,0.0,status=u,Has joined Internazionale permanently
376,Bajcetic,LIV,MID,5.0,4,0.0,0.0,0.0,0.0,0.0,status=u,Has joined Celta Vigo permanently
27,G.Jesus,ARS,FWD,5.9,4,0.0,0.0,0.0,0.0,0.0,status=u,Has joined FC Barcelona permanently
546,Adingra,SUN,MID,4.9,4,0.0,0.0,0.0,0.0,0.0,status=u,Has joined Ajax on loan for the rest of the season
547,Mundle,SUN,MID,4.9,4,0.0,0.0,0.0,0.0,0.0,status=i,Knee injury - Unknown return date
527,Richarlison,TOT,FWD,5.9,4,0.0,0.0,0.0,0.0,0.0,status=u,not included in squad.
528,Scarlett,TOT,FWD,4.5,4,0.0,0.0,0.0,0.0,0.0,status=u,Has joined Leyton Orient permanently
578,Mudryk,TOT,MID,5.4,4,0.0,0.0,0.0,0.0,0.0,status=i,Ankle injury - Unknown return date
530,Patterson,SUN,GK,4.0,4,0.0,0.0,0.0,0.0,0.0,status=u,Has joined Wrexham permanently
540,Masuaku,SUN,DEF,4.0,4,0.0,0.0,0.0,0.0,0.0,status=u,Has joined Konyaspor permanently
543,Diarra,SUN,MID,5.4,4,0.0,0.0,0.0,0.0,0.0,status=i,Hamstring injury - Unknown return date
360,Bradley,LIV,DEF,5.0,4,0.0,0.0,0.0,0.0,0.0,status=i,Knee injury - Unknown return date
84,Collins,BRE,DEF,5.4,4,0.0,0.0,0.0,0.0,0.0,status=i,Calf injury - Unknown return date
363,Leoni,LIV,DEF,4.0,4,0.0,0.0,0.0,0.0,0.0,status=i,Knee injury - Unknown return date
365,Ramsay,LIV,DEF,4.0,4,0.0,0.0,0.0,0.0,0.0,status=u,Has joined St Mirren on loan for the rest of the season
354,Jaros,LIV,GK,4.0,4,0.0,0.0,0.0,0.0,0.0,status=i,Knee injury - Unknown return date
77,Adli,BOU,MID,4.9,4,0.0,0.0,0.0,0.0,0.0,status=i,Calf injury - Unknown return date
349,Mateo Joseph,LEE,FWD,4.5,4,0.0,0.0,0.0,0.0,0.0,status=i,Knee injury - Unknown return date
353,Pecsi,LIV,GK,4.0,4,0.0,0.0,0.0,0.0,0.0,status=u,Has joined TSV Hartberg on loan for the rest of the season
193,Wright,COV,FWD,5.4,4,0.0,0.0,0.0,0.0,0.0,status=i,Thigh injury - Unknown return date
380,Ekitiké,LIV,FWD,7.4,4,0.0,0.0,0.0,0.0,0.0,status=i,Achilles injury - Unknown return date
383,Elliott,LIV,MID,5.4,4,0.0,0.0,0.0,0.0,0.0,status=u,Has joined Valencia on loan for the rest of the season
59,Dennis,BOU,GK,4.0,4,0.0,0.0,0.0,0.0,0.0,status=u,Has joined MK Dons permanently
63,Milosavljević,BOU,DEF,4.9,4,0.0,0.0,0.0,0.0,0.0,status=i,Thigh injury - Unknown return date
65,J.Araujo,BOU,DEF,4.4,4,0.0,0.0,0.0,0.0,0.0,status=i,Thigh injury - Unknown return date
191,Borges Rodrigues,COV,MID,4.5,4,0.0,0.0,0.0,0.0,0.0,status=u,Has joined Burton Albion on loan for the rest of the season
192,Andrews,COV,MID,4.5,4,0.0,0.0,0.0,0.0,0.0,status=u,Has joined Oxford United on loan for the rest of the season
398,Foden,MCI,MID,7.0,4,0.0,0.0,0.0,0.0,0.0,status=s,Suspended until 17 Oct
394,Alleyne,MCI,DEF,5.0,4,0.0,0.0,0.0,0.0,0.0,status=u,Has joined Burnley on loan for the rest of the season
400,Doku,MCI,MID,7.4,4,0.0,0.0,0.0,0.0,0.0,status=i,Calf injury - Expected back 20 Sep
402,Rodrigo,MCI,MID,6.5,4,0.0,0.0,0.0,0.0,0.0,status=u,Has joined Barcelona permanently
408,Phillips,MCI,MID,5.0,4,0.0,0.0,0.0,0.0,0.0,status=u,Has joined Sheffield United on loan for the rest of the season
409,Mukasa,MCI,MID,4.5,4,0.0,0.0,0.0,0.0,0.0,status=u,has joined West Ham on loan for the rest of the seaon.
404,Reijnders,MCI,MID,6.0,4,0.0,0.0,0.0,0.0,0.0,status=u,Has joined Al Qadsiah permanently
174,Kitching,COV,DEF,4.0,4,0.0,0.0,0.0,0.0,0.0,status=u,Has joined Sheffield United on loan for the rest of the season
177,Kesler-Hayden,COV,DEF,4.0,4,0.0,0.0,0.0,0.0,0.0,status=i,Hamstring injury - Unknown return date
180,Woolfenden,COV,DEF,4.0,4,0.0,0.0,0.0,0.0,0.0,status=i,Knee injury - Unknown return date
181,Brau,COV,DEF,4.0,4,0.0,0.0,0.0,0.0,0.0,status=u,Has joined Academico de Viseu on loan for the rest of the season
187,Eccles,COV,MID,4.9,4,0.0,0.0,0.0,0.0,0.0,status=i,Unspecified injury - Expected back 12 Oct
78,Kroupi.Jr,BOU,MID,7.4,4,0.0,0.0,0.0,0.0,0.0,status=i,Foot injury - Expected back 7 Nov
80,Enes Ünal,BOU,FWD,5.5,4,0.0,0.0,0.0,0.0,0.0,status=u,Has joined Getafe permanently
523,Moore,TOT,MID,5.0,4,0.0,0.0,0.0,0.0,0.0,status=u,Has joined FC Köln on loan for the rest of the season
18,Martinelli,ARS,MID,6.3,4,0.0,0.0,0.0,0.0,0.0,status=u,Has joined Al Hilal permanently
341,Gnonto,LEE,MID,5.0,4,0.0,0.0,0.0,0.0,0.0,status=u,Has joined ACF Fiorentina on loan for the rest of the season
342,Harrison,LEE,MID,5.0,4,0.0,0.0,0.0,0.0,0.0,status=u,Has joined New England Revolution permanently
329,Rodon,LEE,DEF,4.4,4,0.0,0.0,0.0,0.0,0.0,status=i,Hamstring injury - Expected back 21 Nov
333,Bornauw,LEE,DEF,4.5,4,0.0,0.0,0.0,0.0,0.0,status=u,Has joined Hamburg SV on loan for the rest of the season
326,Perri,LEE,GK,4.5,4,0.0,0.0,0.0,0.0,0.0,status=u,Has joined Torino on loan for the rest of the season
602,Humphreys,IPS,MID,4.5,4,0.0,0.0,0.0,0.0,0.0,status=u,Has joined Huddersfield Town on loan for the rest of the season
410,Monga,MCI,MID,4.9,4,0.0,0.0,0.0,0.0,0.0,status=u,Has joined Swansea City on loan for the rest of the season
554,Van Oevelen,IPS,GK,4.5,4,0.0,0.0,0.0,0.0,0.0,status=u,Has joined Valencia on loan for the rest of the season
407,Echeverri,MCI,MID,4.9,4,0.0,0.0,0.0,0.0,0.0,status=u,Has joined Benfica on loan for the rest of the season
131,Baleba,MUN,MID,4.9,4,0.0,0.0,0.0,0.0,0.0,status=i,Ankle injury - Expected back 19 Sep
413,Bayindir,MUN,GK,4.5,4,0.0,0.0,0.0,0.0,0.0,status=u,Has joined Celta Vigo on loan for the rest of the season
311,Burns,IPS,MID,5.0,4,0.0,0.0,0.0,0.0,0.0,status=u,Has joined Leicester City permanently
322,Al-Hamadi,IPS,FWD,5.0,4,0.0,0.0,0.0,0.0,0.0,status=u,Has joined Sheffield Wednesday on loan for the rest of the season
348,Piroe,LEE,FWD,5.0,4,0.0,0.0,0.0,0.0,0.0,status=u,Has joined West Ham United on loan for the rest of the season
205,Sosa,CRY,DEF,4.5,4,0.0,0.0,0.0,0.0,0.0,status=u,Has joined FC Cologne on loan for the rest of the season
198,Henderson,CRY,GK,5.0,4,0.0,0.0,0.0,0.0,0.0,status=i,Foot injury - Expected back 11 Oct
307,Johnson,IPS,DEF,4.0,4,0.0,0.0,0.0,0.0,0.0,status=u,Has joined Stoke City on loan for the rest of the season
196,Markelo,COV,FWD,5.0,4,0.0,0.0,0.0,0.0,0.0,status=u,Has joined Shabab Al-Ahli Dubai permanently
197,Bassette,COV,FWD,4.5,4,0.0,0.0,0.0,0.0,0.0,status=u,Has joined KVC Westerlo on loan for the rest of the season
492,Awoniyi,COV,FWD,5.5,4,0.0,0.0,0.0,0.0,0.0,status=s,Suspended until 19 Oct
153,Disasi,CRY,DEF,4.5,4,0.0,0.0,0.0,0.0,0.0,status=s,Suspended until 25 Oct
431,Amad,MUN,MID,5.7,4,0.0,0.0,0.0,0.0,0.0,status=i,Unspecified injury - Unknown return date
433,Ugarte,MUN,MID,5.0,4,0.0,0.0,0.0,0.0,0.0,status=i,Knee injury - Unknown return date
436,Collyer,MUN,MID,5.0,4,0.0,0.0,0.0,0.0,0.0,status=u,Has joined West Brom permanently
140,Sánchez,CHE,GK,4.9,4,0.0,0.0,0.0,0.0,0.0,status=u,Has joined Como on loan for the rest of the season
141,Jörgensen,CHE,GK,5.0,4,0.0,0.0,0.0,0.0,0.0,status=u,Has joined RC Strasbourg on loan for the rest of the season
143,Chalobah,CHE,DEF,5.5,4,0.0,0.0,0.0,0.0,0.0,status=u,Has joined Como permanently
414,Heaton,MUN,GK,4.0,4,0.0,0.0,0.0,0.0,0.0,status=i,Hamstring injury - Unknown return date
312,Taylor,IPS,MID,4.5,4,0.0,0.0,0.0,0.0,0.0,status=i,Knee injury - Unknown return date
314,Ogbene,IPS,MID,4.9,4,0.0,0.0,0.0,0.0,0.0,status=u,Has joined Lincoln City on loan until January
317,Hirst,IPS,FWD,5.0,4,0.0,0.0,0.0,0.0,0.0,status=u,Has joined Stoke City permanently
319,Szmodics,IPS,MID,5.0,4,0.0,0.0,0.0,0.0,0.0,status=u,Has joined Derby County on loan for the rest of the season
85,Van den Berg,BRE,DEF,4.9,4,0.0,0.0,0.0,0.0,0.0,status=i,Groin injury - Unknown return date
632,Ansah,HUL,FWD,5.0,2,0.0,0.0,0.0,0.0,0.0,status=i,Back injury - Unknown return date
152,Palestra,CHE,DEF,5.3,4,0.0,0.0,0.0,0.0,0.0,status=i,Thigh injury - Expected back 18 Sep
150,M.Sarr,CHE,DEF,4.5,4,0.0,0.0,0.0,0.0,0.0,status=u,Has joined Real Sociedad on loan for the rest of the season
146,B.Badiashile,CHE,DEF,4.5,4,0.0,0.0,0.0,0.0,0.0,status=u,Has joined Napoli on loan for the rest of the season
582,Madjo,AVL,FWD,5.4,4,0.0,0.0,0.0,0.0,0.0,status=i,Unspecified injury - Unknown return date
171,Dovin,COV,GK,4.0,4,0.0,0.0,0.0,0.0,0.0,status=u,Has joined Leyton Orient on loan for the rest of the season
55,Watkins,AVL,FWD,7.8,4,0.0,0.0,0.0,0.0,0.0,status=u,Has joined Al Hilal permanently
291,Matazo,HUL,MID,4.5,4,0.0,0.0,0.0,0.0,0.0,status=i,Knee injury - Unknown return date
293,Kamara,HUL,MID,5.0,4,0.0,0.0,0.0,0.0,0.0,status=u,Has joined Portsmouth permanently
296,Akintola,HUL,MID,5.0,4,0.0,0.0,0.0,0.0,0.0,status=u,Has joined Omonoia FC permanently
297,Gyabi,HUL,MID,4.5,4,0.0,0.0,0.0,0.0,0.0,status=i,Thigh injury - Unknown return date
298,Destan,HUL,FWD,4.5,4,0.0,0.0,0.0,0.0,0.0,status=u,Has joined Konyaspor permanently
607,Lynch,AVL,MID,4.5,4,0.0,0.0,0.0,0.0,0.0,status=u,Has joined Oxford United on loan until January
618,Goretzka,AVL,MID,5.9,3,0.0,0.0,0.0,0.0,0.0,status=i,Knee injury - Expected back 10 Oct
287,Millar,HUL,MID,5.0,4,0.0,0.0,0.0,0.0,0.0,status=u,Has joined Birmingham on loan for the rest of the season
441,Obi,MUN,FWD,4.5,4,0.0,0.0,0.0,0.0,0.0,status=u,Has joined Willem II on loan for the rest of the season
563,Morita,HUL,MID,5.0,4,0.0,0.0,0.0,0.0,0.0,status=i,Calf injury - Expected back 11 Oct
299,Burstow,HUL,FWD,4.5,4,0.0,0.0,0.0,0.0,0.0,status=u,Has joined Sheffield Wednesday on loan for the rest of the season
451,A.Murphy,NEW,DEF,4.0,4,0.0,0.0,0.0,0.0,0.0,status=u,Has joined FC Kaiserslautern on loan for the rest of the season
454,Elanga,NEW,MID,6.2,4,0.0,0.0,0.0,0.0,0.0,status=i,Unspecified injury - Unknown return date
458,Joelinton,NEW,MID,5.4,4,0.0,0.0,0.0,0.0,0.0,status=i,Unspecified injury - Unknown return date
274,Butland,HUL,GK,4.5,4,0.0,0.0,0.0,0.0,0.0,status=i,Arm injury - Unknown return date
448,Burn,NEW,DEF,4.9,4,0.0,0.0,0.0,0.0,0.0,status=i,Ankle injury - Expected back 19 Sep
275,Cartwright,HUL,GK,4.0,4,0.0,0.0,0.0,0.0,0.0,status=u,Has joined Grimsby Town on loan for the rest of the season
103,Dasilva,BRE,MID,4.9,4,0.0,0.0,0.0,0.0,0.0,status=i,Hamstring injury - Expected back 10 Oct
107,Furo,BRE,FWD,4.5,4,0.0,0.0,0.0,0.0,0.0,status=i,Unspecified injury - Unknown return date
118,Igor,BHA,DEF,4.5,4,0.0,0.0,0.0,0.0,0.0,status=u,Has joined Burnley permanently
416,De Ligt,MUN,DEF,5.0,4,0.0,0.0,0.0,0.0,0.0,status=i,Back injury - Unknown return date
425,Fredricson,MUN,DEF,4.0,4,0.0,0.0,0.0,0.0,0.0,status=u,Has joined Lausanne-Sport permanently
97,Jensen,BRE,MID,5.4,4,0.0,0.0,0.0,0.0,0.0,status=i,Unspecified injury - Expected back 18 Sep
99,Milambo,BRE,MID,5.0,4,0.0,0.0,0.0,0.0,0.0,status=i,Knee injury - Unknown return date
283,Jacob,HUL,DEF,4.0,4,0.0,0.0,0.0,0.0,0.0,status=u,Has joined Newport County on loan until January
281,Drameh,HUL,DEF,4.0,4,0.0,0.0,0.0,0.0,0.0,status=u,Has joined Genoa permanently
278,Hughes,HUL,DEF,3.9,4,0.0,0.0,0.0,0.0,0.0,status=i,Groin injury - Unknown return date
276,Lo-Tutala,HUL,GK,4.0,4,0.0,0.0,0.0,0.0,0.0,status=u,Has joined Colchester United on loan for the rest of the season
465,Osula,NEW,FWD,5.9,4,0.0,0.0,0.0,0.0,0.0,status=i,Foot injury - Unknown return date
252,McNally,FUL,GK,4.0,4,0.0,0.0,0.0,0.0,0.0,status=u,Has joined York City on loan for the rest of the season
610,De Fougerolles,FUL,DEF,4.0,4,0.0,0.0,0.0,0.0,0.0,status=u,has joined  Real Salt Lake on loan for the rest of the seaon.
266,Cairney,FUL,MID,4.9,4,0.0,0.0,0.0,0.0,0.0,status=i,Knee injury - Expected back 10 Oct
44,Bailey,AVL,MID,5.4,4,0.0,0.0,0.0,0.0,0.0,status=u,Has joined Olympiakos permanently
48,Onana,AVL,MID,4.9,4,0.0,0.0,0.0,0.0,0.0,status=i,Knee injury - Unknown return date
49,Iling Jr,AVL,MID,5.0,4,0.0,0.0,0.0,0.0,0.0,status=u,Has joined Bolton Wanderers on loan for the rest of the season
248,Beto,EVE,FWD,5.4,4,0.0,0.0,0.0,0.0,0.0,status=u,Has joined Fiorentina permanently
121,Mitoma,BHA,MID,5.9,4,0.0,0.0,0.0,0.0,0.0,status=i,Hamstring injury - Expected back 10 Oct
466,Neave,NEW,FWD,4.5,4,0.0,0.0,0.0,0.0,0.0,status=u,Has joined Wolves on loan for the rest of the season
609,Shahar,NEW,DEF,4.0,4,0.0,0.0,0.0,0.0,0.0,status=u,has joined Arouca on loan for the rest of the seaon.
463,Woltemade,NEW,FWD,5.9,4,0.0,0.0,0.0,0.0,0.0,status=u,Has joined Juventus on loan for the rest of the season
128,Buonanotte,BHA,MID,5.0,4,0.0,0.0,0.0,0.0,0.0,status=u,Has joined Elche on loan for the rest of the season
130,Wieffer,BHA,DEF,4.9,4,0.0,0.0,0.0,0.0,0.0,status=i,Knee injury - Unknown return date
133,Watson,BHA,MID,5.0,4,0.0,0.0,0.0,0.0,0.0,status=u,Has joined Leicester City on loan for the rest of the season
132,Howell,BHA,MID,4.5,4,0.0,0.0,0.0,0.0,0.0,status=u,Has joined Leicester City on loan for the rest of the season
470,Morato,NFO,DEF,5.0,4,0.0,0.0,0.0,0.0,0.0,status=u,Has joined West Ham on loan for the rest of the season
471,Milenković,NFO,DEF,5.5,4,0.0,0.0,0.0,0.0,0.0,status=i,Hamstring injury - Expected back 11 Oct
475,Savona,NFO,DEF,4.5,4,0.0,0.0,0.0,0.0,0.0,status=i,Knee injury - Unknown return date
135,Yohanna,BHA,MID,4.9,4,0.0,0.0,0.0,0.0,0.0,status=i,Unspecified injury - Expected back 10 Oct
477,Abbott,NFO,DEF,4.0,4,0.0,0.0,0.0,0.0,0.0,status=u,Has joined Southampton on loan for the rest of the season
479,Bindon,NFO,DEF,4.0,4,0.0,0.0,0.0,0.0,0.0,status=u,Has joined Charlton Athletic on loan for the rest of the season
484,Hutchinson,NFO,MID,5.4,4,0.0,0.0,0.0,0.0,0.0,status=u,Has joined AC Milan on loan for the rest of the season
485,Bakwa,NFO,MID,5.5,4,0.0,0.0,0.0,0.0,0.0,status=u,Has joined Lille on loan for the rest of the season
101,Henderson,CHE,MID,4.9,4,0.0,0.0,0.0,0.0,0.0,status=i,Wrist injury - Unknown return date
122,Minteh,BHA,MID,5.9,4,0.0,0.0,0.0,0.0,0.0,status=i,Leg injury - Expected back 28 Nov
123,Hinshelwood,BHA,MID,5.9,4,0.0,0.0,0.0,0.0,0.0,status=i,Ankle injury - Expected back 10 Oct
39,Nedeljkovic,AVL,DEF,4.0,4,0.0,0.0,0.0,0.0,0.0,status=u,Has joined Rangers on loan for the rest of the season
235,Aznou,EVE,DEF,4.0,4,0.0,0.0,0.0,0.0,0.0,status=u,Has joined Malaga on loan for the rest of the season
234,Patterson,EVE,DEF,4.5,4,0.0,0.0,0.0,0.0,0.0,status=u,Has joined Torino permanently
21,Nørgaard,EVE,MID,4.9,4,0.0,0.0,0.0,0.0,0.0,status=i,Groin injury - Unknown return date
137,Tzimas,BHA,FWD,5.4,4,0.0,0.0,0.0,0.0,0.0,status=i,Knee injury - Unknown return date
139,Ferguson,BHA,FWD,5.0,4,0.0,0.0,0.0,0.0,0.0,status=i,Ankle injury - Expected back 10 Oct
624,Cozier-Duberry,BHA,MID,5.0,3,0.0,0.0,0.0,0.0,0.0,status=u,Has joined Middlesbrough on loan for the rest of the season
494,Vicario,TOT,GK,4.5,4,0.0,0.0,0.0,0.0,0.0,status=u,Has joined Juventus on loan for the rest of the season
206,Chadi Riad,CRY,DEF,4.4,4,0.0,0.0,0.0,0.0,0.0,status=i,Knee injury - Unknown return date
505,Spence,TOT,DEF,4.5,4,0.0,0.0,0.0,0.0,0.0,status=u,Has joined Internazionale permanently
507,Phillips,TOT,DEF,4.5,4,0.0,0.0,0.0,0.0,0.0,status=u,Has joined Middlesbrough permanently
511,Souza,TOT,DEF,4.0,4,0.0,0.0,0.0,0.0,0.0,status=u,Has joined FC Porto on loan for the rest of the season
536,Reinildo,SUN,DEF,4.5,4,0.0,0.0,0.0,0.0,0.0,status=s,Suspended until 10 Oct
537,Seelt,SUN,DEF,4.5,4,0.0,0.0,0.0,0.0,0.0,status=u,Has joined Swansea City on loan for the rest of the season
538,Hjelde,SUN,DEF,4.0,4,0.0,0.0,0.0,0.0,0.0,status=u,Has joined KV Mechelen on loan for the rest of the season
215,Devenny,CRY,MID,5.0,4,0.0,0.0,0.0,0.0,0.0,status=u,Has joined Stoke City permanently
500,Romero,TOT,DEF,5.0,4,0.0,0.0,0.0,0.0,0.0,status=u,Has joined Atletico Madrid permanently
216,Esse,CRY,MID,5.0,4,0.0,0.0,0.0,0.0,0.0,status=u,Has joined Millwall on loan for the rest of the season
217,M.França,CRY,MID,4.9,4,0.0,0.0,0.0,0.0,0.0,status=u,Has joined Alverca on loan for the rest of the season
220,Cardines,CRY,DEF,4.5,4,0.0,0.0,0.0,0.0,0.0,status=u,Has joined Bristol City on loan for the rest of the season
219,J.Rak-Sakyi,CRY,MID,4.9,4,0.0,0.0,0.0,0.0,0.0,status=u,has joined  Kasimpasa on loan for the rest of the seaon.
225,Uche,CRY,FWD,5.0,4,0.0,0.0,0.0,0.0,0.0,status=u,has returned to Getafe CF
513,Xavi,TOT,MID,5.9,4,0.0,0.0,0.0,0.0,0.0,status=i,Knee injury - Unknown return date
517,Odobert,TOT,MID,5.5,4,0.0,0.0,0.0,0.0,0.0,status=i,Knee injury - Unknown return date
223,Mateta,CRY,FWD,6.3,4,0.0,0.0,0.0,0.0,0.0,status=i,Hamstring injury - Expected back 11 Oct
518,P.M.Sarr,TOT,MID,4.9,4,0.0,0.0,0.0,0.0,0.0,status=u,Has joined Juventus on loan for the rest of the season
521,Kulusevski,TOT,MID,6.5,4,0.0,0.0,0.0,0.0,0.0,status=i,Knee injury - Unknown return date
159,Caicedo,CHE,MID,5.3,4,0.0,0.0,0.0,0.0,0.0,status=i,Calf injury - Expected back 18 Sep
163,D.Essugo,CHE,MID,4.5,4,0.0,0.0,0.0,0.0,0.0,status=u,Has joined RC Strasbourg on loan for the rest of the season
168,Marc Guiu,CHE,FWD,5.0,4,0.0,0.0,0.0,0.0,0.0,status=u,Has joined RB Leipzig permanently
170,Emegha,CHE,FWD,5.0,4,0.0,0.0,0.0,0.0,0.0,status=i,Hamstring injury - Expected back 18 Sep
6,Saliba,ARS,DEF,5.9,4,0.0,0.0,0.0,0.0,0.0,status=i,Back injury - Unknown return date
30,Digne,AVL,DEF,4.5,4,0.0,0.0,0.0,0.0,0.0,status=u,Has joined Paris Saint-Germain permanently
